building_id,mean_temp,std_temp,pct_above_18,pct_below_15
10000,14.016622543334961,6.367636680603027,30.966330331633575,55.47538967849264
10009,11.007733345031738,5.8097686767578125,16.688863202331895,74.9409488390793
10014,14.725741386413574,7.047732830047607,38.22092384112701,52.8796237861607
10019,14.717479705810547,7.0400776863098145,38.11151463362529,53.00658182521032
10029,10.62242603302002,6.312490463256836,18.25563221896085,74.51301795448481
10031,12.51763916015625,6.276342391967773,24.075656247238015,66.33768376395722
10051,13.290544509887695,5.998998641967773,25.97693550756574,62.84890553841633
10053,11.37392520904541,6.259119987487793,19.957686882933707,72.39730253878702
10056,14.221536636352539,6.179401874542236,31.770664359612127,57.05454021123968
10064,12.718530654907227,6.9641852378845215,28.79720674194458,62.75007537517385
10075,15.102250099182129,6.434341907501221,38.650516738803994,47.88777493154315
10079,15.080985069274902,7.317681789398193,41.84484343996516,49.50975173014567
10080,15.76278305053711,7.285018444061279,46.29914471299389,44.79235042274495
10082,16.434328079223633,6.726129055023193,48.483239296382344,40.738703712483996
10083,15.642218589782715,7.120654106140137,44.870436948965434,45.874420061760624
10084,15.1033353805542,7.149922847747803,40.92004216232495,50.25146815238669
10085,15.871822357177734,7.191623687744141,46.19291488551234,44.711558809836205
10086,14.372804641723633,7.220256805419922,37.17641372643789,53.11358144030933
10087,15.055537223815918,7.282686233520508,41.469463676759325,49.981681024359546
10089,13.964838027954102,7.286667823791504,35.386739547771484,56.44345252167993
10090,14.292318344116211,6.6198906898498535,36.6682123811732,51.18710874101553
10093,14.070098876953125,6.574833393096924,33.29722468964621,56.58621660853175
10094,14.169252395629883,6.771018028259277,35.31768182564439,55.03310895857276
10097,14.357938766479492,6.864206314086914,37.84189568509694,51.274561002676414
10117,15.467950820922852,6.682559967041016,44.13410625109789,44.460337775101
10119,14.089638710021973,6.751781463623047,35.08520585130448,54.69260543909918
10120,15.282522201538086,8.031757354736328,46.168775716171105,47.71627461636002
10124,13.869142532348633,7.0316572189331055,34.57151056426444,56.046202963016114
10126,13.40027141571045,6.6360626220703125,29.669961171902575,61.073067419696436
10128,17.42938232421875,6.706549167633057,56.04351758259297,34.869926052029584
10136,15.428348541259766,7.273128509521484,44.335472134615955,46.873362531760705
10144,12.11564826965332,6.126431465148926,21.836873023045637,68.86955866847416
10145,10.65972900390625,5.891879558563232,16.584416816930815,75.26810287558129
10150,14.96410083770752,7.494024753570557,41.2050516477199,50.724180776292116
10161,13.451458930969238,7.02940034866333,31.821653456440195,59.45789982857822
10165,13.055475234985352,6.732031345367432,29.071604938271605,62.0477366255144
10167,13.234451293945312,6.813344955444336,30.197673255775193,60.84369478982633
10168,13.195143699645996,6.899787902832031,30.327255804676984,60.48332142204198
10174,16.106287002563477,7.156527519226074,47.52029422252676,43.605484509267875
10176,16.177865982055664,7.031419277191162,47.727904971207614,43.0035886165744
10177,16.04772186279297,6.93079948425293,46.5108029236165,43.78865358357206
10180,15.83552074432373,7.1072187423706055,45.71042473457999,45.07291621048417
10182,16.73929214477539,6.320182800292969,50.893256970468315,37.49793773126871
10198,14.394111633300781,7.335027694702148,38.47823210268625,53.33465660976579
10199,17.198184967041016,6.975344657897949,53.66520389454803,37.86130802274247
10200,12.8021879196167,7.264874458312988,30.623482106418138,61.74071868706805
10201,15.907320976257324,7.276158809661865,46.86980609418283,44.83037314648851
10202,13.514369010925293,7.4964165687561035,33.943044979488505,58.72716066564606
10203,16.76084327697754,6.609580039978027,50.97312941426372,39.09179013329085
10204,14.73056697845459,7.0679612159729,38.91657364588317,51.831845000797315
10205,11.4553861618042,6.663824558258057,23.19462256224296,69.3605448193517
10206,10.129740715026855,6.360617160797119,17.55627510542889,76.30603865540608
10207,11.393509864807129,6.611586093902588,22.661278747529618,69.80446711492388
10208,9.394970893859863,5.5479607582092285,11.825466068975201,82.54961541161488
1021,16.62091827392578,6.418663024902344,48.1920289506357,40.319149960058134
10215,15.469593048095703,7.148993968963623,44.25972525885896,46.58636194876449
10219,14.159381866455078,7.299867153167725,37.30760536752769,54.16640979799848
1022,17.664508819580078,6.2485480308532715,56.96603045289636,32.35689829549145
1023,18.859682083129883,5.845617294311523,64.66509225370002,25.679553644515114
1024,18.1887264251709,5.935661792755127,59.85482191984535,29.60536099338241
10243,16.614713668823242,6.204465389251709,49.0093146358226,38.12274262652258
10244,15.573407173156738,6.621971607208252,44.1185238180409,43.49698920884755
10245,16.660070419311523,6.213568687438965,49.222021870637505,37.885353652861795
10247,15.610743522644043,6.619996070861816,44.65835426474348,43.10617113119858
10249,16.12706184387207,6.232769012451172,46.03220047829162,40.42574690962983
1025,17.439041137695312,6.343931198120117,55.5588659745822,34.24328476327918
10251,12.089111328125,7.5655741691589355,28.854054258722854,65.39633857745972
10252,11.95083236694336,7.626434803009033,27.435516619040456,67.08997593623101
10255,11.860577583312988,7.245029449462891,25.705381335947397,68.0976205228746
10257,15.027986526489258,7.355838775634766,40.22191792424863,52.074480850403035
10259,12.575640678405762,7.6375532150268555,30.319815699427448,64.01903987532607
1026,18.45720863342285,5.73500394821167,61.335756897837435,27.38627889634601
10260,13.530672073364258,7.210721492767334,33.01810505528554,58.931231433167916
10262,14.544885635375977,7.440857887268066,38.17619783616693,54.19969752870985
10263,16.43255615234375,7.092509746551514,48.3130476492304,42.96739158365382
10265,15.08029556274414,7.166072845458984,40.766213458429405,50.58970077654978
10267,16.24989128112793,7.479640960693359,48.89187291340717,43.24960270040531
10268,16.923646926879883,6.982219219207764,51.30757782307991,39.82265467688883
10269,18.516069412231445,6.810434341430664,61.48257214019347,30.83761060120268
1027,14.177242279052734,6.831578254699707,33.598653120077344,55.14123069486002
10276,13.072287559509277,7.006608486175537,30.180155781126434,62.210618682901995
10277,13.504100799560547,7.051939010620117,32.42999418349299,59.62038388946262
10279,13.868322372436523,7.008586406707764,35.778889236219655,55.250599145566326
10281,12.969339370727539,6.874817371368408,31.008333333333333,60.180208333333326
10282,14.266263008117676,6.788826942443848,37.71750078143993,51.44653214322926
10285,13.987380981445312,7.037866115570068,35.44285965839056,56.55220989610847
10288,14.543234825134277,6.8205718994140625,36.33577544819603,53.64278480013679
10291,12.230561256408691,6.735041618347168,25.186085547259363,66.2105689645193
10292,11.185345649719238,6.443861484527588,20.080325933470682,72.56649459478228
10303,17.624570846557617,6.581311225891113,55.600641382244184,34.55283222618541
10306,13.980387687683105,7.554457187652588,36.73348882524874,56.27232735968823
1031,12.155173301696777,6.847602367401123,25.782240177439796,66.4409062103929
10311,16.327077865600586,6.585291385650635,48.04930560484539,41.1574041214186
10312,16.408180236816406,6.458074569702148,47.48353659986211,41.386729429665024
10315,16.711076736450195,6.398252487182617,49.767554025267614,39.06164172505727
10316,15.40394401550293,6.671152591705322,41.71368833884174,47.436804820560106
10318,17.486722946166992,6.313042163848877,56.61186637158816,32.11191906417958
10323,14.300901412963867,7.364426612854004,38.09248740412695,53.307018388370075
10324,16.415681838989258,7.0210795402526855,49.37349321152138,41.392272554244386
10330,14.988750457763672,7.180446147918701,40.85168467605891,49.573701727989786
10334,15.042789459228516,7.192195892333984,41.34090585499359,48.94401290914556
10337,13.962859153747559,6.83723783493042,33.968810993040634,56.96232478362872
10340,13.389183044433594,7.514390468597412,32.77418986111905,60.45893581756873
10349,13.548357963562012,7.365766525268555,33.79417205179331,58.75273260143656
10350,16.603282928466797,7.272401809692383,50.62466260507442,40.73031541605614
10354,12.26734447479248,6.723616600036621,25.67944873229109,65.2872439434819
10356,12.304757118225098,6.9610819816589355,26.692988110585876,65.38461538461539
10357,11.839152336120605,6.873064994812012,23.76913471766175,69.18836424177958
10363,15.771308898925781,6.949045181274414,44.97906507917363,45.34779537191792
10366,15.513975143432617,6.909849166870117,42.441721429869624,47.00452454061086
10370,15.60840129852295,7.674907207489014,46.58131133134795,46.13704047258702
10371,12.758003234863281,6.91672420501709,27.570544051969144,63.77258424685343
10372,15.676898002624512,7.171168327331543,44.88940882008869,46.9121527872242
10376,14.45556354522705,6.557398796081543,35.399668684491644,52.66678020157607
10382,16.864717483520508,6.343420028686523,50.62992026485714,37.193727333611335
10386,15.164362907409668,6.705448627471924,39.42420102257842,49.44152569826894
10388,16.343263626098633,6.672097682952881,48.14780255668564,41.00727815620043
10394,14.562084197998047,7.014370918273926,37.72790840532734,52.578060671014626
10396,15.355223655700684,7.006680488586426,42.245251653521024,47.86781263631969
10401,16.89299201965332,6.870022773742676,50.17046171976936,40.46045708994486
10405,17.558191299438477,7.130777835845947,56.59504977767285,35.65694723173179
10417,16.04524803161621,6.708374500274658,45.71745588603744,43.339060095207415
10422,15.157357215881348,7.147816181182861,42.486586712955656,48.31544895060754
10430,13.892611503601074,6.964346885681152,34.504392694153175,56.50108962268761
10437,13.8219633102417,7.790805339813232,37.746944423091705,55.78445691444385
10447,17.080883026123047,6.4226226806640625,52.108564013840834,36.26129373317954
10455,15.193254470825195,7.049412727355957,41.83121500983507,48.75737630503858
10456,14.456464767456055,6.627899646759033,36.50897761744692,52.2259572025908
10464,15.05469036102295,6.491888999938965,38.470773840826325,49.58276693489974
10477,11.999268531799316,7.144296646118164,26.37196486655857,66.94850344669804
10478,12.37713623046875,7.21506404876709,28.43170046928371,65.03076190186599
10483,11.750081062316895,6.865720748901367,23.712349563265935,69.94785593276276
10490,14.562024116516113,7.091739177703857,38.34056761268781,52.97161936560934
10491,17.111061096191406,6.933672904968262,52.201579637386885,39.04006651104787
10493,16.346715927124023,7.000786781311035,47.977569101104955,43.00029863622789
10495,15.860657691955566,6.944425582885742,44.21712166741257,46.3887645717452
10498,15.248305320739746,6.903323173522949,40.62760828672156,49.73403261370573
10504,16.5236873626709,7.048718452453613,49.43451213360982,41.73737600179342
10507,15.399198532104492,6.955410480499268,41.375092927887955,49.12467924890285
10515,11.173906326293945,6.411746025085449,20.76053442959918,71.11045857191797
10522,13.640570640563965,6.789584636688232,33.12495985956198,56.13881098670549
10524,14.491358757019043,6.388742923736572,35.6752603722042,52.32414205224518
10532,13.530694007873535,6.609795093536377,30.065095164172874,60.35587095764249
10535,14.961287498474121,6.756014823913574,39.832579738482224,50.04888182818037
10538,16.14223289489746,6.5741777420043945,46.540232897742165,42.833339573894484
10541,13.521032333374023,6.619294166564941,30.015764334956824,60.26211147972988
10580,15.102410316467285,7.218926906585693,42.012385342459375,49.4994645434651
10584,13.239747047424316,6.559350490570068,28.496735392976262,61.1994694208703
10587,14.85219669342041,6.739078521728516,39.6745532412269,48.59694459917269
10588,8.98958969116211,5.994332313537598,13.684161764024644,81.35451892342613
10589,13.413482666015625,6.448364734649658,28.655152338443624,61.43605666601979
10593,13.412945747375488,6.58709716796875,29.58732212160414,60.02716688227684
10594,11.585208892822266,6.461518287658691,21.661316488902695,70.35311173242208
10604,14.181784629821777,7.0629496574401855,35.9234169584936,53.54306600072718
10605,14.458096504211426,6.624810695648193,36.38113176644009,52.63423689023558
10608,15.186573028564453,6.702818393707275,40.488597930063435,48.460611690932055
10609,14.411371231079102,6.656533241271973,36.3540207148548,52.778922497870816
10611,12.368793487548828,6.774812698364258,26.138103856327437,66.41027425866629
10612,15.363275527954102,6.4676408767700195,40.283447082258434,47.63848523440986
10614,15.408065795898438,6.942432880401611,43.52550695644267,46.61453123579158
10618,15.152530670166016,6.8529744148254395,39.49485946699138,49.62779779314847
10628,12.165549278259277,6.667106628417969,24.77046738038319,65.69829886013235
10633,16.922142028808594,7.045799732208252,52.5729876420724,38.28769022016662
10634,18.33902359008789,6.241062641143799,60.989018302828626,28.826622296173042
10637,16.48754119873047,7.142086029052734,50.51275686832927,40.75665930735365
10649,13.880904197692871,7.154555320739746,34.718732643939596,56.840601941234034
10650,14.883322715759277,7.152952194213867,40.02935486023084,50.739875908999934
10651,14.936602592468262,6.346661567687988,37.90302442750334,50.29010414371539
10653,13.931212425231934,7.149328708648682,35.40173893341641,55.98714208841938
10655,14.639229774475098,7.226507186889648,40.670272087875134,51.295990136464255
10678,13.648025512695312,6.8814802169799805,33.93062939142719,56.71214543291572
10682,9.935980796813965,6.188053131103516,15.857187960429384,77.63234055988212
10691,14.534375190734863,6.758528232574463,35.88482480437278,51.55922528462049
10692,13.429362297058105,7.019412040710449,31.840721901802628,60.33158107561666
10696,11.176191329956055,7.034738063812256,21.925588099258892,72.29506609730126
10700,12.662935256958008,6.968812942504883,28.115996689400845,63.8516097264565
10701,17.36565589904785,6.332647323608398,53.405151526447234,34.754165579453534
10702,16.87293243408203,6.710579872131348,50.75121102028459,38.91916439600363
10705,15.929338455200195,7.042705059051514,47.4095854160541,43.71263353915515
10706,16.282888412475586,6.3829545974731445,47.05170022852009,40.24102033242837
10707,15.95668888092041,6.659756660461426,45.990759487099616,42.475211545449824
10708,14.391057014465332,6.9188642501831055,37.05085810348968,52.69808427703164
10709,16.100208282470703,7.067098617553711,47.55931773278472,43.19092243832587
10712,14.618690490722656,6.584692478179932,37.176026916108995,51.830147520981996
10714,14.429615020751953,6.825977325439453,37.07848541462422,52.3575220584155
10715,12.636929512023926,6.988241672515869,29.37905139740002,62.52169600793454
10721,13.746824264526367,7.085396766662598,34.23077893568166,56.718225631450125
10722,14.613585472106934,7.028059005737305,37.88495007786022,52.3092424658789
10724,14.314251899719238,6.858709335327148,36.72483810778181,53.27186916913621
10726,13.547648429870605,7.1299591064453125,32.03813970826263,59.093985736847785
10733,14.455881118774414,7.2431416511535645,37.971894017731515,53.66072790764693
10737,14.083483695983887,6.929266929626465,34.35522151898734,56.92741297468354
10739,13.261274337768555,6.741658687591553,29.993846890115712,60.7901618609739
10742,16.413604736328125,6.656134605407715,46.970121251155106,42.62692167679427
10765,14.831937789916992,6.98541259765625,39.668897236249656,51.20276623796612
10769,16.198163986206055,7.2403082847595215,47.531628860954854,44.07631541538899
10772,13.826203346252441,7.235218048095703,34.53198101287436,56.61988184270738
10773,16.14934539794922,7.261373043060303,47.55632652237933,44.18278637271315
10776,13.250171661376953,6.9258198738098145,30.55593405096062,59.6311940773039
10782,16.841203689575195,7.213527679443359,51.9215567041654,40.2989763859329
10786,16.876571655273438,6.993811130523682,51.42109697157806,39.679865206402695
10790,15.48315715789795,7.24773645401001,42.80337200982984,48.69039101626901
10791,15.166577339172363,7.1024274826049805,39.94886975242196,51.28834768568353
10793,13.956941604614258,6.593523025512695,32.399929387881194,56.89130146961472
10794,15.228567123413086,7.072740077972412,40.14405041764618,50.95116624151787
10797,14.332780838012695,6.823604583740234,35.7748921807613,55.10735045940371
10798,16.269594192504883,6.9765167236328125,46.51484070833508,44.07836898731527
10799,14.298073768615723,7.185676574707031,35.612667117258205,56.23876955539803
108,16.82680320739746,6.756503105163574,50.46453739087754,39.63818672650142
10801,13.975587844848633,6.496021270751953,31.24859745971904,56.864593151115294
10803,17.529747009277344,6.7813568115234375,55.11438755328037,35.311538176779806
10806,15.806015968322754,6.478511333465576,43.66891572686637,44.571366273787746
10821,18.526079177856445,6.337803363800049,60.62097761005819,28.716478137814434
10822,17.893306732177734,6.758707046508789,59.83057401595339,32.26557792785906
10823,18.21286392211914,6.842962265014648,59.961211738275765,32.36187166526256
10830,15.759788513183594,7.507606506347656,46.35506795920767,45.893046151778364
10834,12.796552658081055,6.741498947143555,27.265879759334954,64.47251182657419
10836,17.35547637939453,7.452432632446289,54.51227911471129,38.566391513070656
10841,15.84704303741455,7.461618423461914,46.56636362756203,45.65724631366968
10845,15.86074161529541,7.473905086517334,46.720900643867836,45.477503180784204
10849,12.866869926452637,6.926924705505371,28.85272776385771,63.36497173036262
10851,17.413455963134766,7.487979412078857,55.06863453400763,38.12777376406234
10853,12.498957633972168,7.145015716552734,28.316772614124957,64.76475549795305
10855,17.495628356933594,7.429337978363037,55.38521561517453,37.59667684116311
10865,12.987833023071289,7.027132987976074,30.320931322122973,61.81314484177505
10867,16.890304565429688,7.577718257904053,50.867344642937496,41.845160419385316
10869,12.778430938720703,7.1211957931518555,29.564614616145246,63.05799361856123
10871,16.93910026550293,7.556488037109375,51.180957843418405,41.451104100946374
10874,17.581226348876953,7.115049839019775,55.681667036133895,36.41173427916944
10882,15.958581924438477,7.24300479888916,46.149230703295764,45.964942356319376
10884,17.837905883789062,6.929652690887451,57.64799003451587,34.19666260088755
10889,16.950580596923828,7.083065032958984,52.82208791571716,38.02635489943525
10890,16.737232208251953,7.159733295440674,51.21597262533989,40.334850753108675
10893,16.170948028564453,7.166355609893799,47.89585645578987,43.8984461709212
10895,15.673095703125,5.9674296379089355,38.67959034381858,46.88825896122897
10896,13.00493335723877,7.092802047729492,29.945532945003407,62.06218322112112
10905,17.3815860748291,7.111988544464111,54.969323943106275,37.01347379219191
10927,12.099400520324707,7.499499797821045,28.341959872055828,65.05146845013086
10929,11.811078071594238,7.204525470733643,25.190970732126,68.1754784996996
10930,18.083969116210938,7.223315238952637,59.4385381647666,33.61079753383534
10931,13.681685447692871,7.165374279022217,33.53279102086339,58.559124746620874
10933,17.048479080200195,7.077651023864746,52.538523459061636,39.16360012266176
10941,13.79699993133545,6.702983856201172,32.99829448550312,56.57987492893689
10945,11.391661643981934,6.25562858581543,19.721420210690596,71.11822083495903
10946,12.634681701660156,7.136145114898682,29.015207585638674,62.7421134214973
10947,9.209321975708008,5.718615531921387,12.296957913071656,81.97938186089844
10949,15.726693153381348,6.9948883056640625,44.762571085158676,46.20669859892722
10956,14.781386375427246,7.071969032287598,38.314411553106744,52.89003140957027
10957,14.688993453979492,6.769719123840332,37.03722616555176,52.309656334575905
10959,13.801265716552734,6.970489501953125,34.617347175447875,55.1968233645987
10961,18.13851547241211,6.747181415557861,58.94236043714925,31.294569391113548
10967,14.997472763061523,6.734601974487305,38.95385182983695,49.637722004160814
10970,17.068201065063477,7.028472423553467,53.145531932960424,38.00855508263191
10972,13.824610710144043,6.65924596786499,31.767792163831764,57.55811844920756
10973,14.397274017333984,6.847663879394531,35.813216479517976,54.1205315805261
10975,15.963848114013672,6.820188522338867,44.699800412263194,45.30314432483722
10977,15.524576187133789,6.818981647491455,42.068207807349935,46.98984282158793
10978,15.770278930664062,7.003641605377197,44.54923094195576,45.76849668799821
10980,16.36673355102539,7.1176018714904785,47.79656030498792,43.85795015751989
10982,14.790475845336914,7.2039008140563965,39.01279107904231,52.53464250573958
10985,18.094303131103516,6.6645827293396,58.69827067022283,31.224726834724255
10987,9.394375801086426,5.404390811920166,11.494365989273238,82.0744968754613
10989,17.509418487548828,6.945700645446777,55.61117732750629,36.19123294927824
1099,15.852971076965332,6.551998615264893,44.223285290181664,44.937010659734504
10993,15.646966934204102,7.253913879394531,44.170430560264215,47.195398024912784
10995,14.333343505859375,7.086891174316406,37.41806201813674,53.642631525320105
10997,17.25252342224121,6.6224212646484375,53.62387698686939,37.6230995162405
11000,18.403730392456055,5.471766948699951,59.51817076748963,25.60569224965419
11009,13.70499038696289,7.286933898925781,35.35613553226343,55.92122279563006
1101,16.18132209777832,6.994375228881836,46.67723423893415,44.17713391388097
11012,13.694494247436523,7.311852931976318,35.371544665394325,56.022902173243864
11015,14.029167175292969,7.510830879211426,37.33010723780506,54.57179556113152
1102,14.416106224060059,7.574112415313721,39.94643388552723,52.78841384783256
11024,14.223031044006348,6.628272533416748,35.70448344338784,53.27176738403914
11032,15.51212215423584,7.138139247894287,43.312675522271334,47.432783116683055
11037,14.16405200958252,7.63270378112793,37.93596428975491,55.09889228300781
11038,15.578313827514648,7.0149407386779785,43.00520265685085,47.716383228114914
11039,15.989118576049805,6.982360363006592,45.26719096592055,45.0151240169389
1104,15.821205139160156,7.237760543823242,44.877240236196,46.52917785622645
11040,15.55757999420166,7.011997699737549,42.72948739979985,47.854478554894015
11041,15.990002632141113,6.999067306518555,45.278678132125435,45.38092657539289
11042,15.448921203613281,7.156079292297363,43.72925876848388,47.9085802736963
11043,17.36881446838379,7.327507019042969,54.952751989389924,37.15600132625995
11051,16.795528411865234,7.170917510986328,52.01545284026682,39.414680198253485
11057,14.731339454650879,7.70173978805542,40.529793906810035,50.57683691756273
11060,14.47023868560791,7.153758525848389,39.36214020987461,52.12643596552263
1107,17.847801208496094,6.1898908615112305,57.23837280497661,31.68058582939433
11071,12.155496597290039,6.9052534103393555,26.17787375081605,66.30844172148848
11075,12.481114387512207,7.368160247802734,29.76231907793723,63.686613302761685
11078,15.77556037902832,6.7442755699157715,44.54430279515401,45.4430279515401
11079,11.699250221252441,6.755704879760742,23.739249692848365,68.55624446412754
1109,13.064189910888672,8.808979988098145,38.593650754113064,53.5003051324524
11090,11.0935697555542,6.604722499847412,21.749319807057955,70.4720017335891
11093,13.114164352416992,7.103593826293945,31.152862150191034,61.681337135257586
11096,13.715139389038086,6.820922374725342,32.70087153334019,58.389794388677416
1110,17.933956146240234,6.197680950164795,58.911810794655985,29.968821182210302
11100,11.509876251220703,6.863633632659912,24.270168521179315,69.16162662478699
11103,12.083602905273438,5.6952805519104,18.542792638708352,70.88458644044606
11104,11.154207229614258,6.731440544128418,22.125906089847177,70.15443926312388
11108,15.486886024475098,8.39853572845459,49.167694204685574,45.31589454524103
11117,16.040559768676758,6.741572856903076,44.35346440001663,46.09085996924228
11132,12.27286434173584,7.340696811676025,29.14150780643492,64.03756577244889
11133,13.764374732971191,6.884747505187988,33.39370054433389,57.18181163372195
11136,13.321929931640625,6.692541122436523,29.85821173163573,59.713323136703735
11137,13.40981388092041,6.891790390014648,30.527941618551036,60.28050461806384
11156,16.282167434692383,7.46624231338501,48.36628001960464,43.575979648516814
11160,14.964274406433105,6.9729437828063965,39.61935371449592,51.013572382814765
11163,14.952751159667969,7.051669120788574,39.059985949645345,51.62712171686269
11164,15.151138305664062,7.266231060028076,42.30283534275346,49.039599090776164
11165,15.361502647399902,7.183382987976074,43.509885474364786,47.72624233703258
11168,16.02653694152832,6.980093955993652,46.85223313272094,43.54476823989019
11175,15.126114845275879,7.2810492515563965,42.27360768393961,48.99174825545915
11176,15.972859382629395,7.00223970413208,46.69737643290181,43.77994864056337
11190,15.307969093322754,7.143855571746826,42.24834935711804,48.79647862851847
11192,13.734604835510254,6.915645122528076,33.90763596585099,57.16986516372976
11195,15.7169189453125,7.252101898193359,44.87248830354004,46.48024447629608
11198,13.733264923095703,6.27815055847168,29.623552721193736,57.036715992817776
11199,16.77083396911621,6.251642227172852,49.50087149421645,38.1193833895466
11200,13.450481414794922,7.613047122955322,34.34277088302739,58.949539645775
11209,15.006413459777832,6.806827068328857,41.01924987789885,48.49015612105698
1121,11.52346420288086,6.643636226654053,21.87618975100891,70.67387497144597
11210,16.463972091674805,6.821404933929443,48.961949340440306,41.483953326913166
11215,14.468928337097168,7.165491104125977,37.28309078716721,53.781720215056296
11216,12.074231147766113,6.260683536529541,22.16935399668869,67.52979431111376
11218,15.430449485778809,6.554083824157715,41.45987363892996,47.75104180669445
11224,14.865224838256836,6.446693420410156,37.97639595092597,50.84511203371118
11225,14.67852783203125,7.2457990646362305,39.71926577201913,51.451725815446316
11226,19.191139221191406,6.3305277824401855,66.20293306440834,25.76212288737956
11227,17.207965850830078,7.016881942749023,53.33474201851781,37.57347573859926
11229,15.691247940063477,6.553459644317627,43.029463210740325,44.67413280025443
11240,18.275440216064453,6.675899028778076,60.02752528485469,31.567660990910255
11243,15.174409866333008,6.4777703285217285,39.60150991773797,51.00601830419145
11244,18.77810287475586,6.596524238586426,62.87957033670729,28.834262893341595
11249,17.2255916595459,6.608628273010254,53.86028425851435,36.34084204880665
11253,14.567517280578613,7.099287986755371,37.890595559307215,53.38930676353989
11255,17.630035400390625,6.418193817138672,56.094100773260166,33.82077824893989
11258,13.424959182739258,7.301172733306885,32.50582525972774,60.50035915135163
11269,12.689529418945312,7.191551208496094,29.47581110726244,63.227110033483434
11271,16.50706672668457,6.805357456207275,49.66229474336466,40.61034803263451
11272,16.145240783691406,7.301950931549072,49.94899693981639,43.27120233274602
11283,14.052674293518066,6.606390476226807,34.233720841881315,54.61970974849935
11286,12.973114967346191,6.8047003746032715,28.553678376687223,63.14114597300438
11395,17.461647033691406,6.733404636383057,54.975066370094,35.89187056037885
11396,14.966299057006836,6.933936595916748,39.89335157015322,50.26153817718056
11399,14.436006546020508,7.279433727264404,40.38312466232882,49.93540203424867
114,15.052797317504883,7.108299255371094,40.50086792389234,50.60417614641792
11400,14.781847953796387,6.994805812835693,38.36016300106933,52.58085026444322
11404,16.448171615600586,6.73149299621582,47.8773366495125,42.02727910145656
11407,15.809467315673828,6.949472427368164,43.810283858717334,46.71354073503309
11414,15.996232032775879,6.892377853393555,45.686949287145936,44.67470912276721
11417,15.244446754455566,7.367405891418457,43.341021912450486,48.69753798325227
11418,16.856552124023438,6.7861104011535645,50.730893258215495,39.74930047555115
11421,14.206862449645996,6.945591926574707,35.24614129849345,55.5391410061093
11424,12.932633399963379,6.75173807144165,27.90014471780029,63.118668596237335
11427,11.7280912399292,7.050840377807617,25.282603868156965,67.1777681432212
11430,11.34738540649414,6.8725714683532715,23.205049820711533,69.52922319348282
11434,13.447104454040527,7.5086350440979,33.99642304611637,58.73555777438857
11437,13.564759254455566,7.314657688140869,33.75734297333936,58.851107094441936
11438,16.43164825439453,6.554978847503662,46.00287365106539,42.04701782275075
11439,17.4759578704834,6.8404974937438965,54.8744019138756,36.578947368421055
11443,15.247401237487793,7.728818893432617,44.2993605431436,49.225546696139574
11449,18.20501136779785,6.72363805770874,59.7753525053772,32.14849040070103
11454,17.321012496948242,7.399203777313232,56.19912335629304,37.11646837820914
11456,16.802078247070312,7.519853591918945,53.980744962922,39.511109220582185
11460,18.190811157226562,6.710099220275879,59.41813582101352,32.45473950509922
11463,18.341228485107422,6.702629089355469,60.74250294644027,31.365402243659695
11466,16.310741424560547,6.81815767288208,49.47857538875835,40.85592839982047
11470,16.631507873535156,7.033671855926514,50.27253850147084,40.97162138778335
11471,16.920969009399414,7.0954365730285645,52.647290441917114,38.77808911598264
11474,15.494486808776855,7.501339435577393,44.48240378678741,48.3556287301914
11479,12.787630081176758,6.6453986167907715,27.011151783434066,63.89716523367668
11480,14.029521942138672,7.020867347717285,35.55026455026455,55.1031746031746
11485,17.018295288085938,7.034087657928467,52.617410671056454,38.70824053452116
11489,15.272055625915527,7.146505832672119,41.56902985074627,49.24626865671642
11497,13.231356620788574,7.084413528442383,30.793007015879763,61.17389242317694
11498,12.275952339172363,6.961226463317871,27.053935012050196,65.1741045458323
11501,13.896099090576172,6.583897113800049,32.00433682688833,57.652331044452474
11509,14.35941219329834,6.676633358001709,35.02065701335687,55.40358054898186
11510,13.793449401855469,6.753564357757568,32.348644930721996,58.25166990484024
11511,15.151307106018066,6.841590404510498,39.29934287564231,51.218504181074266
11512,13.58588695526123,6.672142505645752,31.297044498560993,59.65380783705999
11513,13.955389022827148,6.502548694610596,30.819169559532934,59.460799783598574
11514,14.005904197692871,6.861631870269775,33.70938208000993,57.015610936966574
11515,13.640888214111328,6.382766246795654,28.868805096673828,61.209472306590605
11516,12.961262702941895,6.930112838745117,28.537584013596685,63.34045785800736
11523,15.407532691955566,6.63162899017334,41.373758494511236,48.34291688447465
11526,14.732621192932129,7.184533596038818,39.23990906361258,52.48573757131214
11574,14.013846397399902,6.8949480056762695,34.289880361902256,56.412769364997786
11575,13.890094757080078,6.796754360198975,33.209910678864674,57.47568613779258
11580,20.300186157226562,5.397738933563232,76.42331267905924,16.880704910387102
11581,20.549400329589844,5.264536380767822,79.0702460629111,14.973697858783433
11604,17.188323974609375,6.8525390625,53.28430430924874,36.647366062036355
11605,18.143861770629883,6.5021138191223145,59.219750619882625,30.23867710804688
11613,19.107322692871094,6.572874069213867,65.99439627828293,26.109290195249173
11614,19.088441848754883,6.695207595825195,65.98087787918297,26.733594089526292
11621,18.345535278320312,6.094241619110107,61.96826708323113,28.083244038781807
11622,16.6770076751709,6.5874176025390625,48.135077157290155,39.76887412635804
11639,13.687810897827148,6.457568168640137,31.07917946685165,58.396591021702505
11645,15.661603927612305,6.970008373260498,43.82986491420227,45.566356334428626
11647,13.788836479187012,6.551308631896973,31.81516158260344,57.4388402295379
11650,13.488831520080566,6.665862560272217,30.71464000915716,59.34221069098401
11669,15.90954875946045,6.332890033721924,44.49610028769266,43.36173796996182
11670,16.21790885925293,6.06240177154541,47.01366027583039,39.33700086402065
11672,16.015174865722656,6.284191608428955,46.939986856888474,40.668390816780786
11675,17.017961502075195,6.1479973793029785,52.48241662715347,35.12426900584795
11676,15.457605361938477,6.862490653991699,43.292099322799096,47.086230248307
11679,16.882476806640625,6.764719009399414,50.78434687858122,39.50102387796126
11681,12.6552095413208,6.444309711456299,25.21848317428428,65.97312908086388
11688,14.154733657836914,6.894968509674072,36.239567743081096,54.88572080870602
11691,15.058144569396973,7.345567226409912,42.00270779686214,50.14600865433114
11693,19.050071716308594,6.618899822235107,65.13602941176471,27.69669117647059
11695,17.630332946777344,7.033292770385742,56.83844064424805,35.07402731550557
11697,16.582059860229492,6.302096843719482,49.75677900566268,37.524633921221344
11701,18.04867935180664,6.366505146026611,59.70300423834455,30.994452754923955
11702,15.960077285766602,7.276605129241943,47.7061826854992,44.48378240723487
11705,15.87639045715332,7.280638217926025,47.37932231978965,44.67554695639232
11713,15.915451049804688,7.3211469650268555,47.68267845611246,44.49977646415975
11717,16.80543327331543,6.329473495483398,50.97914165666266,36.30952380952381
11728,14.04625415802002,7.184354305267334,35.91262934717256,55.54412835036866
11729,14.261392593383789,7.244350433349609,36.988902451672615,54.40830361488077
11731,12.214582443237305,7.333505153656006,27.408781400363054,66.67380086085943
11732,11.985905647277832,6.597230434417725,23.70036158335448,68.32260213143873
11736,9.591812133789062,6.545326232910156,15.916419450535276,78.27077690356421
11737,10.490540504455566,6.669430255889893,18.30869077245889,75.44039428097399
11738,10.660660743713379,6.792893886566162,19.406087602078692,74.64488987874289
11739,9.657003402709961,6.6893720626831055,16.204160411752092,78.40446064765173
11740,9.194945335388184,6.255794048309326,13.732881015202917,81.09058927000879
11780,12.944657325744629,7.109387397766113,29.805239600211763,62.58001379686522
11781,12.986435890197754,6.827075004577637,29.655302198663865,61.75783332810588
11783,12.214666366577148,7.20340633392334,27.375067994229358,66.18656828197305
11784,12.416154861450195,6.999172210693359,27.210199238023858,65.48935107113859
11786,13.902143478393555,7.036168575286865,34.08696312179201,57.47763303953472
11787,11.677741050720215,7.006217002868652,24.91197512829157,68.16589879012623
11808,16.552621841430664,6.918944835662842,50.02397130056705,40.5908512291491
11811,16.807233810424805,6.554234981536865,50.882395278537494,38.906002591046494
11812,16.80233383178711,6.577315807342529,51.2315413430526,38.63264922404941
11814,16.573957443237305,6.503673076629639,48.37131251666327,40.34000909618431
11816,17.531400680541992,6.45977258682251,56.03640236228096,34.1906821140048
11817,14.798392295837402,6.4810380935668945,36.882706390436255,51.721224259873566
11818,17.355920791625977,6.4367828369140625,54.58008630637181,34.843431389595814
11819,16.851118087768555,6.416011333465576,50.43516312539506,38.323527981718286
11824,15.661592483520508,6.6662139892578125,43.418638919796706,44.884672059663785
11825,16.604299545288086,6.308459758758545,47.92271592924521,39.89138794280602
11826,16.6126766204834,6.317888259887695,47.731518750854384,39.84689460333855
11828,17.392946243286133,6.454723358154297,55.06649910985444,34.92931196983977
11829,17.376340866088867,6.444549083709717,54.98993231085597,34.974509467911915
1183,15.548959732055664,7.192963600158691,43.3453237410072,46.30732913669065
1184,12.276483535766602,6.929848670959473,27.538085994941476,64.5903182165755
11859,13.944018363952637,6.44362211227417,33.396261643466175,55.600273841877055
11868,12.287901878356934,7.385989665985107,28.85229449867713,64.23683970440653
11888,13.350598335266113,6.95994234085083,31.68535031847134,59.85222929936306
11904,15.402830123901367,6.513334274291992,40.353434393914156,48.09817313565439
11906,14.167295455932617,6.466540336608887,32.67512002954574,55.10156346177521
11908,14.922656059265137,6.583804130554199,37.025389497980385,49.18205424120023
11909,14.98616886138916,6.740365982055664,39.59435971824728,49.595535865971435
11912,17.89527702331543,6.944035053253174,57.2644850545403,34.06289842753931
11913,14.738391876220703,6.699490547180176,34.943102229218646,54.56582932002828
11914,18.697721481323242,6.377041816711426,60.58119949279887,29.07038361816083
11916,12.2772216796875,7.300384998321533,27.639003934562023,66.87978877614414
11931,16.465993881225586,7.029699802398682,49.347147476420105,41.855287154413325
11943,14.834470748901367,7.56888484954834,41.92974989359838,50.79237914027489
11960,15.947208404541016,6.756778717041016,45.39044382059395,44.247795919517024
11962,16.254661560058594,7.325766086578369,48.65104633855435,42.90825932241816
11964,15.744105339050293,7.648313999176025,47.25458641776633,45.17927261023495
11966,15.687337875366211,7.513504981994629,46.08170529304726,45.691775480413526
11967,18.301055908203125,7.221839904785156,60.82002190249612,32.70458064272497
11972,13.967825889587402,6.962518215179443,33.47720052626512,58.10095305330039
11973,16.12954330444336,6.656728744506836,46.23037091236562,43.213541959813135
11974,15.49244499206543,7.162489414215088,43.05996965583327,48.24722510580532
11975,18.29322624206543,6.83880090713501,60.773472177425546,31.206131256815496
11977,13.573349952697754,7.209619522094727,32.918285459524874,59.33698490542003
11988,16.70161247253418,6.871549129486084,50.22691507183106,40.264988070460426
11993,15.391481399536133,6.566905975341797,40.66473596090321,48.70582379293181
11994,12.739472389221191,6.329970836639404,26.57966899395165,62.53330480950622
11995,16.782371520996094,6.948105335235596,50.83998596368102,40.23598561277305
11997,15.19378662109375,7.085249423980713,42.111316414646105,49.042196161242885
11998,16.41888999938965,7.00043249130249,48.02075982791195,43.195010357150984
11999,15.74804401397705,7.174890518188477,44.36698846568369,47.22190373546745
1200,14.858979225158691,7.416326999664307,40.13671875,51.614269578313255
12000,16.24014663696289,6.127213478088379,40.798460201167266,42.34239827807442
12001,15.119222640991211,6.612070560455322,38.996121981315,49.88762559492332
12002,15.56954574584961,6.61682653427124,41.90706174128704,46.94774398468433
12005,18.20904541015625,6.315690994262695,60.63425750094949,29.93733383972655
1201,14.193638801574707,7.133535385131836,36.843732901967314,55.000356828508224
12347,15.707275390625,6.718780040740967,43.35011819876612,46.036977955449636
12354,16.565196990966797,6.739573955535889,49.267340784105016,40.13216249778251
12355,16.04785919189453,7.019173622131348,46.789519849262554,42.91793905529205
124,15.541067123413086,6.829249858856201,41.59314168206639,47.71644134443039
1243,11.797621726989746,6.669800281524658,23.293151494679954,68.04171592636379
1246,13.70694351196289,6.542895793914795,31.618295123443346,56.89385219979054
125,15.569823265075684,6.489250183105469,40.691203008658995,47.85193272978178
1259,14.933273315429688,6.454048156738281,37.451704845349944,50.51725957985854
1260,16.021846771240234,6.946488857269287,47.84336656821741,41.79171044024659
1261,16.259641647338867,7.211448669433594,48.13242198287766,42.9358832734972
12815,14.206135749816895,7.184377193450928,36.723225291857005,54.51743890943369
12871,16.377607345581055,6.911914348602295,49.28978581677922,41.73347550781301
12880,17.47511863708496,6.481186389923096,53.63795164107751,33.96065091477429
12881,16.718427658081055,6.571817874908447,47.55032959201853,38.476527703545344
12882,17.688940048217773,6.527827262878418,57.803186536838346,32.656346533705765
12888,11.968963623046875,6.5265212059021,23.25537106469083,67.26774980658216
12890,11.183235168457031,6.811237335205078,22.189131307723194,70.9565876946415
12894,11.420607566833496,6.795147895812988,23.446174678402166,68.87158654931167
1290,11.265045166015625,7.0955586433410645,24.07992119022961,70.11038419763067
1291,10.246642112731934,6.962417125701904,20.4779085585852,74.24025551546697
12915,15.868539810180664,6.979135513305664,45.15095699527509,46.01885961399856
12945,16.275711059570312,7.151899337768555,48.34947532512521,42.32762229182604
12948,11.014175415039062,5.586423397064209,14.438721668320497,77.01806612169038
12949,6.824532985687256,4.000143527984619,4.519335424803125,93.34864588001793
12952,16.982576370239258,7.09094762802124,53.2472174001838,38.21709384254059
12955,13.246907234191895,6.4262871742248535,28.94491365183411,59.957141056346906
12959,10.714889526367188,6.12062406539917,16.88109512904305,75.58088670457762
12962,11.007842063903809,6.809186935424805,20.54736060859078,72.51043696075703
12963,10.537842750549316,6.24159574508667,16.47342408416096,76.76604411723487
12964,13.968982696533203,7.015564441680908,34.38154271393063,56.619808372611104
12969,15.150334358215332,6.800673484802246,39.19475470330467,50.51673201322306
12974,12.265384674072266,6.868986129760742,25.41976025135584,66.32111909383818
12975,11.47012996673584,6.722468376159668,21.622941734531896,70.39291383699195
12976,15.66246509552002,6.807812213897705,42.817899226487384,46.64208776115087
12982,14.73119831085205,7.144069194793701,39.7265815555582,50.980998726902804
12983,14.703932762145996,7.1052775382995605,38.540331386792005,51.15724255804016
12985,13.134516716003418,7.1166205406188965,30.26603962581281,61.380961274002146
12986,11.253411293029785,6.853906154632568,21.965925271272155,71.19850738940443
12998,12.131608963012695,6.986690998077393,25.500213278839762,66.19183191643437
12999,11.307159423828125,6.637411594390869,20.73288512569505,71.77510853563625
13000,15.767213821411133,6.751424789428711,43.17902414331022,46.01588892217734
13006,14.828076362609863,7.118070602416992,39.92306326566846,50.22074924542819
13008,14.699601173400879,7.103871822357178,38.50545381173371,51.198176919516214
13010,13.145933151245117,7.127115726470947,30.353722818257317,61.31760478635956
13024,11.179494857788086,6.4930267333984375,20.739790981227017,72.58322043739113
13031,13.536782264709473,6.74875020980835,30.159601727798517,61.32586572955561
13039,10.443867683410645,6.197277545928955,16.104851519176645,77.4218118654616
13040,13.489526748657227,7.155569076538086,32.366946058518025,58.59926981025351
13045,15.247543334960938,6.778507232666016,39.49931375240187,49.13642602250892
13052,13.976096153259277,6.833791255950928,32.38043035234923,58.08070160644263
13058,13.464217185974121,6.950621604919434,30.515970515970515,61.49245349245349
13067,14.98349380493164,7.10654354095459,40.92716569067553,49.99844669845757
13068,15.292224884033203,7.329391002655029,44.7377030409108,47.328774966057615
13076,16.884475708007812,6.6515069007873535,52.22048122947477,37.61080941853227
13082,12.740473747253418,6.541157245635986,25.63944447423454,65.09196203549789
13089,16.798891067504883,6.824029445648193,52.00725414228011,38.82202621383233
13092,13.81872272491455,7.906722545623779,37.269954040981794,56.895859674473684
13097,12.048734664916992,6.400344371795654,21.95770351561834,70.06356401560983
13117,13.590065956115723,7.204252243041992,34.00877715771794,57.102996153221
13132,14.243356704711914,6.56090784072876,35.223479228486646,54.80573071216617
13143,16.147686004638672,6.3541741371154785,44.74740829798335,41.77800966358914
13144,14.790519714355469,6.464318752288818,37.81332338470865,51.71963532072657
13162,16.891712188720703,6.749335289001465,52.19228667031048,37.83610840787597
132,11.366941452026367,6.437408924102783,20.92551352931567,72.13743411605891
13203,14.571416854858398,6.9246954917907715,36.18021802366105,54.551453026402605
13204,15.098423957824707,7.383971691131592,41.313378310697345,50.75076844513842
1321,13.71566390991211,7.220401763916016,33.934159609668555,57.55033368851999
13214,14.130971908569336,6.4811201095581055,32.030137269068014,57.1627618949324
1322,13.35958194732666,7.001637935638428,30.97979848116345,59.58331265200775
1323,15.211301803588867,7.459181308746338,43.57954620277335,48.58237749713578
13240,17.6501407623291,6.363123893737793,55.851922668366264,33.01784576163161
13244,17.11819076538086,6.241587162017822,51.056271089777105,37.06810512808327
13255,15.013803482055664,6.997927188873291,40.9253847882925,49.525003844925294
13257,12.007460594177246,6.569890022277832,23.509148548463592,69.65877037517785
1326,13.449421882629395,7.002254962921143,32.390798302067644,59.55429275640148
1327,11.98319149017334,7.701813697814941,29.495440458406723,65.17245992285568
13273,15.596793174743652,6.566781520843506,43.12046480945857,44.98021007763739
13275,11.293132781982422,6.505456924438477,20.865746335983115,72.9841523822493
1328,13.94073486328125,7.532354354858398,37.99387235299184,54.606194091373304
13280,10.745230674743652,5.819235324859619,15.837278964151125,74.82607015170548
13281,11.530511856079102,6.203746795654297,20.3252518967044,72.03168752842065
13288,15.376921653747559,6.758382797241211,42.365530649208225,47.58478589588076
13294,14.606151580810547,7.006921291351318,36.51984424677598,54.075423617809214
13297,20.46829605102539,6.074138641357422,76.86569107384648,18.383501718570983
13298,16.4766845703125,6.7567524909973145,48.073022312373226,40.97363083164301
13299,16.59102439880371,6.78076696395874,49.45543950908278,40.0028447189824
133,11.667412757873535,6.896399021148682,23.733985062845345,70.10367964053677
1330,13.00244426727295,7.482818126678467,32.18542453990474,60.9651378608645
13300,14.29102897644043,6.732180118560791,34.52640768223483,55.7971409864688
13302,17.39344596862793,7.010493755340576,54.69844216210412,37.12962039686131
1331,14.116415977478027,6.603367328643799,35.08268797286138,54.680072310130114
13312,16.893291473388672,6.972527027130127,51.218532020552864,39.75227488015616
1332,14.884101867675781,6.434561252593994,36.29840221480093,48.972675017691095
13320,17.862060546875,6.665869235992432,58.35508350557458,32.512107176802495
13332,15.819282531738281,6.657980442047119,42.883822270640415,46.987783051902575
13333,15.53235149383545,6.924524307250977,41.34191840173306,48.83620170899025
13335,15.083579063415527,6.869046211242676,40.682187062482186,49.76521168118348
13343,12.832559585571289,7.475810527801514,30.74884029158383,62.723008355098166
13344,14.7677583694458,6.480957984924316,36.010297376557546,51.77881872105522
13345,13.859770774841309,6.714868068695068,32.74203804779821,56.316570399024954
13346,12.103791236877441,5.90158224105835,18.838967552178584,65.63283621486077
13366,15.898306846618652,6.851478099822998,46.00997506234414,43.8824812967581
13369,15.244467735290527,6.389143466949463,40.25192071481901,47.8239926784037
13370,15.196142196655273,6.327733993530273,39.84884919271728,47.83334151248957
13372,14.739846229553223,6.3360676765441895,36.717621733562225,50.81337366140767
13374,14.646639823913574,7.602324485778809,39.869749726686024,52.88302161825384
13388,18.474077224731445,6.348580837249756,63.0889762471624,28.51586290903051
13389,15.546697616577148,7.2788004875183105,45.54143932454499,46.580907244414355
1339,13.693025588989258,6.007665634155273,25.921734603806897,62.51838942579725
13390,15.211355209350586,6.998979568481445,42.99772283669486,46.3524723487313
13408,13.901416778564453,7.208745002746582,35.23632680621202,56.32793157776277
13413,13.909756660461426,7.191911697387695,35.2125012016278,56.353673776742895
13419,13.5844144821167,7.003282070159912,32.302532720660295,59.80748709684445
13425,12.737963676452637,6.976264953613281,28.65272688079327,64.15714593662427
13431,13.184849739074707,6.894750118255615,29.4984243697479,60.91911764705882
13432,13.507281303405762,6.996138572692871,31.88448649714173,59.87778434851173
13433,12.583970069885254,6.69895076751709,26.41224665804226,64.56600751555473
13439,10.875258445739746,6.383447647094727,18.571208199784035,73.76377628850076
13444,10.184488296508789,5.877098083496094,14.902040029025176,78.5627026480881
13485,11.399958610534668,7.26979398727417,27.05233263319824,66.2973700559122
13488,16.918466567993164,6.832834243774414,51.41247090530442,39.11797133406836
13491,10.428576469421387,7.298258304595947,21.543515785956902,72.17968706498135
13528,12.658230781555176,6.899243354797363,28.244354613883466,63.35493913205092
13533,10.990559577941895,7.533583641052246,25.281483365315697,69.6772478209604
13539,15.102409362792969,6.160025119781494,36.334450931403644,49.73915519942006
13540,15.9904146194458,6.458451271057129,44.323833657973864,43.695985173698446
13541,13.578521728515625,6.884855270385742,32.30665362946408,59.53694650090795
13544,12.332916259765625,6.141899108886719,23.376307778886247,67.01455503542833
13548,15.946366310119629,6.844829559326172,44.85059247810407,45.17516743946419
1355,12.863699913024902,6.239593505859375,25.247784397315726,63.35480573972217
13551,15.919398307800293,6.855713367462158,44.71372970758437,45.31546064423619
13554,14.081405639648438,6.87385892868042,33.60936182873011,56.71740962959289
13557,13.772815704345703,7.2701263427734375,33.723770815331605,57.86795532371107
13558,14.784235954284668,6.986701965332031,39.48761452324398,50.97132677298948
1356,15.444241523742676,6.341153144836426,39.75146120435412,46.70625770818811
13566,13.853732109069824,6.725041389465332,31.09081922006296,61.19826218163844
13568,14.944467544555664,7.3698344230651855,42.10397444601498,49.396209195427886
13569,14.622944831848145,6.640761852264404,36.6402378592666,53.055830855632635
1357,12.709291458129883,6.704073429107666,27.3313601054686,65.22767516705657
13577,14.991168022155762,6.52072811126709,36.57515974269056,51.427464985693085
13579,14.93952751159668,6.554853439331055,37.07579936074218,51.89758028224271
13594,14.384758949279785,7.313045024871826,36.364661153298286,55.846937416095344
13595,16.12091636657715,6.868658065795898,45.260357619908184,46.1426214235203
13597,13.124418258666992,7.069060802459717,30.711226015765597,61.26023369578992
13599,13.791718482971191,6.933147430419922,33.06277261520955,58.13262532397749
136,12.971831321716309,7.103787899017334,29.60286916545621,62.6948591623115
1360,13.775019645690918,6.260832786560059,28.518236713020674,60.21110229719447
13600,13.826905250549316,6.807312488555908,32.19385362942756,59.20747907875481
1361,11.626748085021973,6.49282693862915,24.685336284780316,66.6713855499215
13617,16.727785110473633,6.749932765960693,49.95246133845587,40.33800958534645
13618,16.56169319152832,6.526084899902344,48.85135748660674,40.45446290747299
13620,14.373066902160645,7.036642074584961,36.615811373092924,54.0079283107583
13625,15.401747703552246,6.956182479858398,42.251592905114514,47.83881522300671
13628,18.60479736328125,6.775158882141113,64.73662187921335,28.119391882467802
13629,11.100156784057617,7.448690891265869,25.211627275196957,69.90274381961423
1363,11.697296142578125,6.54085111618042,25.33040765074453,65.95723091753126
13638,15.617500305175781,6.9843645095825195,43.69260438349455,47.015427941716666
13644,11.659618377685547,7.324561595916748,25.741890959282266,68.84594739667203
13647,12.485879898071289,7.375466823577881,28.919617079471205,64.38839082206351
13650,12.278010368347168,7.393554210662842,28.216543089826178,65.47496049592804
13653,11.942780494689941,7.4314045906066895,26.901481121767635,67.45325968192303
1366,14.264411926269531,6.348119735717773,34.676914127175905,53.473620620217474
13661,11.871393203735352,6.861391544342041,24.82309085548208,68.1237100374879
13662,12.844413757324219,6.819727420806885,28.742635784036803,63.00843354047292
13664,12.451505661010742,6.225704193115234,23.69691025012261,67.24570868072584
13666,14.248327255249023,6.712657451629639,34.93459122329048,54.47053790556819
1367,11.709174156188965,7.137102127075195,25.091990155225773,69.00601895850087
1368,14.65917682647705,6.668992519378662,36.37264004952027,52.31816774992263
13680,12.217048645019531,6.628089427947998,24.89995346672871,67.8147975802699
13688,14.431547164916992,7.1886773109436035,37.0980063579684,54.19551985016881
1369,8.706791877746582,5.3476643562316895,9.663478750063929,86.37293509947322
13694,14.679044723510742,7.136681079864502,38.1913143685585,51.1119578450415
13697,17.00539779663086,6.661708354949951,52.299821180210614,37.768229684085036
13698,15.886186599731445,7.139214992523193,46.753648936083515,43.34227061210852
13699,16.529111862182617,6.1808671951293945,46.33198528799907,40.373957761246196
1371,11.12433910369873,6.467076778411865,20.54112890685741,72.20753641217021
13716,13.140933990478516,6.726482391357422,28.543134692337745,62.4863583082955
13717,14.377336502075195,6.576164245605469,33.970021646495034,54.62949096701292
13719,14.019941329956055,5.820014476776123,27.043328879557166,55.020041992746705
1372,13.548232078552246,6.836312770843506,30.875970220180584,60.00950419768731
13720,13.620497703552246,6.959984302520752,31.794484205330704,58.344644619940766
13723,13.442276000976562,6.121823310852051,26.87394552904314,61.15529846549369
1373,12.92965030670166,6.2542195320129395,25.770736917052332,63.702385190459246
1374,15.202550888061523,7.48895263671875,44.781104363790426,47.72772207315351
13749,15.799097061157227,6.909858226776123,45.11201048851394,45.302969845522426
13753,16.360881805419922,6.757624626159668,47.7131377621223,42.40189333480103
13754,16.084821701049805,7.035379886627197,47.183249274033315,43.637475164297726
13757,15.768206596374512,7.145570278167725,45.25025223958174,45.90760387684594
13760,16.174118041992188,7.101965427398682,47.664945078926316,43.633156325016365
13763,16.379384994506836,7.007014274597168,48.476032141867556,42.451163757273484
13767,13.002655982971191,7.140727519989014,29.653755739613768,63.438934903442664
13779,14.48862361907959,7.262746810913086,38.28441530325055,52.434045711811464
13783,14.044439315795898,6.986050605773926,34.43942849164611,55.84306790152185
13784,13.991591453552246,7.170873165130615,34.96149993739827,55.479216226367846
13787,15.555933952331543,7.092173099517822,43.489898597243354,47.50047202816619
1379,14.825700759887695,6.647810935974121,37.65659543109801,51.64098127796824
13791,15.489226341247559,7.1133246421813965,43.23688144794461,47.78026359038521
13795,15.576824188232422,7.064760208129883,43.483713372809454,47.44768323137152
13799,15.58597183227539,7.081698417663574,43.587747202633864,47.35167841968278
13803,14.775201797485352,7.058747291564941,38.986122160346504,52.363431450543615
13807,15.529447555541992,7.315310955047607,42.92732508893783,48.58970015246485
13810,14.694958686828613,7.089926242828369,38.72087093412563,52.61745859293585
13817,14.669882774353027,7.136621952056885,38.87011427809151,52.53346080305927
13832,15.429952621459961,7.328546524047852,42.48007123473541,49.04808344640435
13835,15.5809907913208,7.666894435882568,44.706668723327674,48.08387749155912
13841,15.415777206420898,7.335994243621826,42.878602511885774,48.106793861211344
13856,13.97244644165039,6.875730991363525,33.74740304709141,56.640985687903964
13858,13.616360664367676,6.816784381866455,31.959694490177387,58.488790958493745
13859,15.328697204589844,7.3074727058410645,43.6130062418348,47.40407412783665
13875,14.013716697692871,6.819886207580566,33.71175734288126,56.71557069251594
13877,13.711018562316895,6.736939430236816,32.043005443570785,58.21287941441498
13879,12.039484977722168,6.938434600830078,25.141515946431035,68.3387792044426
13881,12.973292350769043,6.823522567749023,28.10086440591274,63.65659045573116
13891,15.445545196533203,7.618537425994873,44.649080844666166,47.430465386455275
13892,16.55344581604004,7.185559272766113,49.75004691952022,41.59969971507055
13893,15.409991264343262,7.3233842849731445,43.3450432696427,48.1569702681861
13894,16.518218994140625,7.328419208526611,49.97251614676377,41.84588429297788
13895,14.945096015930176,7.667764186859131,41.90656240153533,49.94891772411752
13896,15.55036449432373,7.359828472137451,44.173312811902434,47.76549601231286
139,12.337082862854004,6.903573989868164,25.71791953946047,66.70727625677756
13945,12.069093704223633,6.219023704528809,23.143561702583895,68.24059183017047
13948,11.366698265075684,5.797381401062012,17.886510243141704,73.87644431842347
13951,12.093132972717285,6.238236427307129,23.34537611215961,68.04637368562955
13963,13.704869270324707,6.540359973907471,30.217982862436315,59.58921954608615
13964,13.691439628601074,6.549984455108643,30.21569195136074,59.63375796178344
13976,15.277621269226074,7.618017196655273,43.697931568406354,48.30435733880876
13977,16.635791778564453,7.113070964813232,50.60624968380579,40.48466247322889
13978,19.64682388305664,5.88905143737793,68.96367970831581,22.212873369793858
13979,16.453495025634766,7.1513352394104,48.93192726289462,42.454201311431085
13980,15.913506507873535,7.152977466583252,46.0251677852349,44.98993288590604
13981,19.00461196899414,6.271419048309326,65.4720732006209,25.32610767680619
13987,12.8600492477417,6.369272232055664,25.901534247373714,64.49958474786182
14006,18.124629974365234,6.7367939949035645,60.307910104406304,32.02414104629828
14007,18.10362434387207,6.747080326080322,60.236515559503644,32.09245944720502
14008,16.556119918823242,7.381766319274902,50.73443514564222,41.599479096845855
14011,14.636664390563965,6.8670735359191895,38.06933629491273,51.397705617325244
14014,13.930517196655273,6.789174556732178,33.677618817876585,57.22162598584129
14016,11.53715991973877,6.20664119720459,21.11583859456492,70.64461524384664
14017,14.335551261901855,6.7631001472473145,35.519933597904185,54.74282157030581
14018,15.689170837402344,6.95252799987793,44.133017768540434,46.33996900416882
14020,16.961618423461914,6.955610752105713,51.675957535687026,39.06342278495599
14021,14.6467866897583,7.663008689880371,38.95625245343918,53.79247175818903
14022,13.750411987304688,6.624283313751221,31.559214279892412,58.419594098948565
14025,15.533845901489258,6.831284523010254,42.55392670157068,46.95392670157068
14032,15.412980079650879,6.5085883140563965,40.200223599959344,48.870820205305414
14046,16.9123477935791,6.660809516906738,51.55127730470196,38.506479081821546
14047,17.364009857177734,6.873292922973633,54.41175376604054,37.002045750418446
14050,15.697553634643555,6.761722564697266,42.56145497213259,45.71311234966266
14053,17.271310806274414,6.842041015625,53.92042020756702,37.30685150228682
14056,16.871938705444336,6.650189399719238,51.372833977177514,38.65067066072501
14058,16.898134231567383,6.64313268661499,51.50304456233029,38.4850435413106
14059,17.238313674926758,6.554327011108398,53.54073400205884,36.380503219937275
14060,17.204811096191406,6.55648946762085,53.54525290515454,36.48440136940065
14061,17.06845474243164,6.5277485847473145,52.32390300230947,37.09343725943033
14062,17.225427627563477,6.624146461486816,54.18708509354254,36.24622812311406
14063,15.299233436584473,6.962934494018555,42.64751403401628,46.78618935673591
14081,13.504071235656738,7.145392417907715,32.271247129642845,59.42579883499176
14086,17.209672927856445,6.795871257781982,53.65735567970204,37.43240223463687
14102,15.249284744262695,7.116279602050781,42.83917403305265,47.64100951515787
14103,15.156997680664062,7.153493881225586,42.420395894954915,48.145664435316796
14107,12.49191951751709,6.399290084838867,24.80782981766178,66.32999642474078
14108,15.77077579498291,6.957686901092529,45.42081595702053,44.847954171057125
14112,12.04808521270752,7.026748180389404,26.561628419043892,65.13676175563928
14113,14.97760009765625,6.210273742675781,36.52971616747687,49.71283518896033
14114,14.461760520935059,6.35936164855957,34.20309255012353,54.34994438921643
14115,15.989219665527344,6.104552268981934,43.65386861882325,43.727853276741556
14116,13.774053573608398,7.48952579498291,36.919487237152815,55.769519097417444
14119,14.827193260192871,6.456903457641602,35.937999928899,51.19627430765402
14123,12.16429615020752,6.454387664794922,23.429887926276127,68.1201852696249
14128,16.283605575561523,7.130634784698486,48.91086426442698,42.12408561365484
14131,15.291471481323242,7.251743316650391,43.92439835442872,47.56515910255904
14134,12.516331672668457,7.018167495727539,28.182306632092878,64.4193706636765
14136,12.54145336151123,7.056703090667725,28.43132719618818,64.07457093953832
14139,17.00118064880371,6.693629741668701,52.52276925036622,37.522450799312146
14140,14.783361434936523,6.912986755371094,38.9945424716242,50.56751598754479
14144,17.166053771972656,6.924472332000732,53.36048616498578,37.80320662011896
14147,13.092660903930664,7.3192853927612305,31.263188486372425,61.57617417015201
14151,16.70780372619629,6.732138633728027,50.11396268205055,40.21530576767066
14153,16.743608474731445,7.1367878913879395,50.884558890434285,40.57662060807737
14161,14.95820426940918,6.7975358963012695,39.03131383698411,51.09611694272247
14166,14.960591316223145,6.771266460418701,39.40643453471798,49.13459580533496
14170,14.645740509033203,6.774283409118652,36.05865579009632,53.99440280389508
14175,14.162693977355957,6.782986640930176,34.13958133921511,55.70768654542428
14176,16.189245223999023,7.360015869140625,47.82476139978791,44.48038176033934
14177,14.461770057678223,6.713055610656738,34.96651514625768,55.448662340816824
14183,15.994280815124512,7.356123447418213,46.62482761844658,45.342776336395296
14187,14.082390785217285,6.8225274085998535,34.183247403964856,56.46648754629293
14193,14.94231128692627,7.126526355743408,40.40037937809092,50.501321048709436
14197,11.623724937438965,7.23613166809082,25.921166135591427,67.85557100857349
14201,12.210298538208008,7.224037170410156,27.738047126214617,65.37576215494369
14205,10.719566345214844,6.815393447875977,20.534961832061068,73.5963358778626
14255,15.740045547485352,7.504384517669678,46.99067573892069,45.401591244554844
14270,12.514472961425781,6.881298542022705,26.66332408292717,63.98055082670646
14271,11.470440864562988,6.6011762619018555,21.05019305019305,71.39314104019986
14272,15.148950576782227,6.791902542114258,39.68782986043239,50.167129285742206
14274,15.695863723754883,6.798465728759766,43.33765218821981,46.297096084238234
14278,14.741678237915039,7.072198867797852,38.803608739235976,51.05737992004734
14279,14.784509658813477,7.1206231117248535,40.136412560250825,50.589639196967575
14281,13.21999740600586,7.139129638671875,30.84407003633961,60.870498843739675
14282,10.357427597045898,5.981104850769043,15.862512348486035,78.16630862590752
14289,16.594087600708008,6.897876262664795,50.585444693789746,39.73582316895922
14290,15.701436042785645,6.952037811279297,45.105183156771055,45.2931552626388
14294,13.163467407226562,6.713687419891357,29.799972409987586,60.77527934887571
14307,11.455435752868652,6.9496002197265625,22.516702861964504,70.61541228058041
14308,11.967212677001953,7.0737714767456055,25.319448964095887,68.07354376830459
14314,15.613218307495117,6.715813636779785,42.824095015314626,46.508652441940114
14315,15.6129732131958,6.676673412322998,42.57078361818768,46.73202192841019
14316,15.359355926513672,6.722096920013428,41.57339391996432,47.677125294453816
14317,14.738668441772461,6.782884120941162,38.06855206568487,52.33006274319971
14319,17.14006996154785,7.07922887802124,54.34880501676146,37.09868410080222
14332,15.855535507202148,6.793671131134033,45.15962392809175,43.88194372696904
14333,14.995157241821289,7.091644287109375,40.79087871585546,49.97416554717371
14336,15.721685409545898,7.05234956741333,45.119922290768926,45.821578778766366
14342,14.150421142578125,6.831499099731445,35.07985196545861,54.824459040442775
14349,14.330689430236816,7.264398097991943,37.68127172493192,53.999601478955874
14351,12.464874267578125,6.9865593910217285,26.139535961264464,66.12957407128543
14370,16.34029769897461,6.973385810852051,48.2922154910591,42.48103815107761
14373,19.585548400878906,5.414007663726807,69.85142033055655,19.941554868213817
14377,16.4041690826416,6.9817423820495605,48.71633810076021,42.07093158098183
14379,19.612890243530273,5.390781879425049,70.00887478993182,19.692592382786682
14387,14.477314949035645,6.669955730438232,36.71182471985282,53.877459998884994
14389,14.028593063354492,6.595119476318359,33.93985154305889,55.713890720377734
14392,11.882307052612305,6.357661724090576,22.66740307611032,68.93752926627205
14395,10.782364845275879,6.582049369812012,19.967023083841312,72.24642750074948
14397,14.81021785736084,7.175266742706299,38.641927026752995,51.57374817132345
14402,14.587759017944336,6.716800689697266,33.898950656078,54.861071435372985
14404,14.150233268737793,7.083963871002197,35.2287166454892,55.937391706133766
14409,14.284612655639648,7.082510948181152,35.957664098041036,55.01191470925014
14414,14.313270568847656,7.131153106689453,36.276726679451585,55.0047227867304
1442,14.71825122833252,7.127264499664307,39.71876440756109,50.829875518672196
14425,13.630402565002441,7.208752155303955,34.09559126493614,58.35442541252183
14429,15.924626350402832,6.876932144165039,46.369162239287284,43.87397628935341
14433,12.716550827026367,7.115501403808594,30.393617583346543,61.58715063137316
14435,13.755965232849121,7.1166229248046875,34.43777858516398,57.112727852756386
14437,17.2746524810791,6.672753810882568,53.82567690903559,36.80914714531995
14439,11.663846015930176,6.909906387329102,23.339156620691654,68.46159043307884
14440,11.10927963256836,6.546444416046143,19.74546394226332,72.75319785148679
14441,15.538385391235352,6.911881923675537,42.434670724110816,47.89281811961972
14443,15.878371238708496,6.77692174911499,43.69237081344879,45.687663305189055
1445,14.410526275634766,5.884344100952148,30.368890255149093,56.861358745773124
14451,17.52596092224121,6.241829872131348,56.54279606218163,33.26295230805775
14477,13.365572929382324,7.3221659660339355,33.58598438110712,58.77087436677575
14478,14.289788246154785,6.928813457489014,35.333948426040315,55.4412247642579
1448,12.561103820800781,7.47475004196167,29.327146171693734,64.0139211136891
14489,15.312040328979492,6.594507217407227,40.06538442390348,48.07580610365257
1449,13.499423027038574,5.931290626525879,25.613864691777703,61.817464412541355
14496,13.66413688659668,6.618891716003418,31.979506898397474,58.297193668549205
14504,15.565377235412598,7.055245399475098,44.77374433665953,45.77716318759207
1451,14.28990650177002,7.027284145355225,36.44187540141298,55.165061014772
14513,11.97458267211914,6.9504289627075195,23.96263492153903,68.46751915245066
14521,11.352282524108887,6.866903305053711,22.327870857282623,71.5135950430068
14522,12.455157279968262,7.091392517089844,27.114063620908226,65.87230613508387
14525,12.974201202392578,6.773976802825928,27.866219940128072,63.85678317241926
14529,15.076530456542969,7.044013023376465,41.43291453083954,49.25274746898336
1453,10.655794143676758,5.176424980163574,12.385105669238511,80.37906742703791
14531,16.583707809448242,6.529295921325684,47.65092017348494,39.01770015238542
14533,14.598026275634766,7.342336654663086,39.62979820967987,52.64754968896981
14547,17.477048873901367,6.653842449188232,55.91350015446401,34.67655236329935
14549,14.960590362548828,6.537546634674072,37.97099044537548,49.81748039988385
14550,14.362011909484863,6.795614719390869,35.98653159475518,53.97834292072403
14552,14.572669982910156,6.96183443069458,37.7141893081392,52.57173874772607
1457,10.456409454345703,5.2423601150512695,12.532084188911705,80.64681724845995
14571,9.818812370300293,6.493711471557617,15.577130132628591,79.5844956687711
14572,14.529767990112305,6.978818416595459,37.61082064105479,52.80669849208154
1461,14.09476089477539,6.1480183601379395,31.450990912444247,57.382381543207806
1464,11.842377662658691,6.969243049621582,24.40917442818222,68.9507698156244
1465,15.527580261230469,5.882360935211182,37.67317037789222,50.025386233408284
1470,12.458568572998047,6.57195520401001,25.134004031419764,65.01161518923267
14711,16.605642318725586,7.24072790145874,50.457833340301875,41.26144583350755
14717,17.665321350097656,6.858372688293457,56.277599695142456,34.71565309004506
14718,17.81502914428711,6.874547004699707,57.743579494353945,33.82632157489757
14727,16.42030143737793,7.312997817993164,49.780991302525415,41.877816200356285
1473,10.119665145874023,6.756015777587891,19.741811175337187,74.68497109826589
14733,17.775484085083008,6.882198333740234,56.995644560190385,34.403484351847695
14734,17.793912887573242,6.870019912719727,57.59881758443686,33.97846885173867
14744,17.603527069091797,6.898965358734131,55.90866891810072,35.88794854890141
14747,15.761012077331543,7.137840747833252,45.24894723804805,45.97844934357196
14758,13.804378509521484,6.535649299621582,31.37931561025516,58.0127960420834
14759,14.425477027893066,6.9555463790893555,36.577181208053695,54.19912511984659
14761,14.515791893005371,6.958125114440918,36.847195357833655,53.87568925199919
14762,9.474615097045898,5.864723205566406,13.440377424240394,80.66772995938936
14764,13.505453109741211,7.05621337890625,32.563629760008936,59.29231972732099
14765,13.579532623291016,7.095877170562744,32.99436927472897,58.96854077373449
14766,13.63809585571289,7.142794132232666,33.19335964838611,58.87853083620279
14767,13.619702339172363,7.13704776763916,33.2843857072932,58.804279421019515
14774,13.761842727661133,7.513341903686523,35.27299757366657,56.996395562474575
14776,14.920389175415039,7.0315022468566895,40.837351333976216,49.36595949855352
14777,15.721500396728516,6.609739780426025,43.44806310137242,45.57256491070088
14785,15.668622016906738,6.98842716217041,44.87200197247043,45.111759154558364
14790,16.002727508544922,6.711923599243164,45.80286817083503,43.3520569868516
14799,15.149548530578613,7.126246452331543,42.90818179514684,47.19207412349975
14803,14.623817443847656,6.98964786529541,38.704016256476145,51.56309040985465
14804,13.71373176574707,7.595910549163818,37.02393075356415,55.236761710794305
14806,15.127113342285156,7.014769554138184,41.53169103141282,48.3919267540088
14808,15.071257591247559,6.932533264160156,40.59507010538325,49.067763533191226
14814,14.919776916503906,6.919486045837402,40.035861174706724,49.45296513159227
14816,14.536620140075684,7.156591415405273,38.94790534696503,51.66773857310771
14818,14.354223251342773,7.068912029266357,37.33567792163592,53.906150290001
14819,15.899795532226562,6.863933086395264,45.36636217467357,44.88930508684206
14838,15.337736129760742,6.5944952964782715,39.02267048851147,49.321724735204405
14842,13.055412292480469,7.5392560958862305,32.09023543433575,61.61193926726892
14877,13.906901359558105,7.093264579772949,35.394916023604175,55.56546268076
14878,14.750585556030273,6.952268600463867,38.61221664647863,51.25627271154178
14879,16.83363914489746,6.999632358551025,50.16004676148857,39.936537979792355
14880,12.984434127807617,7.002128601074219,29.632531386749726,62.40947048594523
14881,14.409486770629883,7.1386332511901855,37.67568183544785,53.59340575856568
14888,16.26324462890625,7.013760566711426,46.885222983363626,43.45449461764295
14889,20.793970108032227,5.828147888183594,75.08818537377316,18.67316065235038
14890,14.216118812561035,7.319538116455078,37.22130090289294,55.30795098581168
14891,14.286725044250488,7.295745849609375,37.43394679300292,55.024599125364425
14892,13.02596664428711,7.361836910247803,31.49978559176672,60.76543739279588
14895,12.979094505310059,7.528597831726074,31.749418361548603,61.38885612891467
14897,12.293344497680664,6.5411376953125,24.043910356807245,66.45784093174247
14923,13.017349243164062,6.7994256019592285,30.12217611802674,61.52028584601199
14933,14.313050270080566,7.1692795753479,37.17683091613368,54.139266732726774
1494,11.689356803894043,7.5508880615234375,27.896280169074306,66.11550795845714
14946,14.442930221557617,7.3081512451171875,38.15253338149147,54.074065713286004
14949,14.07158374786377,7.591842174530029,37.73219593863536,55.030010364110574
1495,16.26900291442871,7.718362808227539,50.02542240300375,43.49284261576971
14952,14.954628944396973,7.331169128417969,40.75638296674213,51.07724882026331
14954,13.273994445800781,7.156221866607666,31.488230448565936,61.09932353161429
14955,16.265275955200195,7.007544040679932,47.47420919587347,43.566304570608736
14956,13.88528060913086,7.517550945281982,36.015316113099765,56.11709093630343
14957,14.04591178894043,7.139685153961182,34.61143407774495,56.556222666963166
14958,11.465242385864258,7.273138046264648,24.887499345926432,68.66202710480876
14959,16.701993942260742,7.237802505493164,50.136421770640894,40.97768935625977
1496,14.597989082336426,8.087918281555176,41.83598719975325,53.24150827003894
14960,16.825695037841797,7.230943202972412,51.171735878623835,39.64812308568986
14966,12.763669967651367,7.195878505706787,30.09098914000587,63.19489286762548
14971,10.42477035522461,6.731695175170898,18.985433574646358,74.63759224526284
14972,10.276985168457031,6.767939567565918,18.68459012368413,74.96240370745481
14987,9.860414505004883,6.4106574058532715,16.390710349274322,77.85739485881822
14989,10.335020065307617,6.506255626678467,18.350420737015185,75.62385143630912
14991,13.52472972869873,7.674553871154785,34.86310299869622,58.80867014341591
14992,12.774165153503418,6.643556594848633,25.962711273741068,64.5134792024494
15009,16.127548217773438,6.647861003875732,45.44563797358107,43.18115836841341
15013,17.088212966918945,6.757443428039551,51.48880145741798,37.99237611181703
15015,16.07009506225586,6.666109561920166,45.13210850771494,43.519813236384856
15018,14.429437637329102,6.915406227111816,35.799723756906076,54.88950276243094
15019,18.06802749633789,6.876605033874512,58.28166067008599,33.40223021766312
15022,18.207012176513672,6.682869911193848,60.639607957647236,31.472571000545912
15024,16.895122528076172,7.120339393615723,51.235026402149984,40.35544991694464
15025,18.36295509338379,6.69097900390625,60.38286051860883,30.936789049636122
15028,17.325536727905273,6.745214462280273,54.8408146874647,36.44634633001619
15029,10.29638385772705,6.327934741973877,17.27068305931139,75.90456443652718
15030,11.088050842285156,6.915771484375,21.98895966029724,72.34649681528663
15040,12.168631553649902,6.423183917999268,24.02620053486299,67.87979794064829
15044,12.483525276184082,6.53013277053833,25.786520477265395,65.81618832634634
15051,11.979205131530762,6.929659843444824,24.46200158909567,68.08939222686018
15052,12.998942375183105,6.507014274597168,27.111544777362624,62.265879721078555
15055,13.465265274047852,6.948323726654053,30.5636376928138,59.491190876526055
15061,13.506094932556152,6.782215595245361,32.55249662264077,57.92400613826844
15063,13.551554679870605,6.82859468460083,30.873109714356833,59.978841247121785
15068,15.329373359680176,6.686690330505371,39.60809815716239,49.157956142951406
15069,15.957511901855469,6.610288143157959,43.98319929180871,45.2922230802554
15080,15.391931533813477,6.583737373352051,39.94589033266014,48.76252715009717
15081,15.88415241241455,6.627220153808594,43.7883788943117,45.61551988414628
15084,13.286486625671387,6.882252216339111,30.51298071171255,61.242638946123066
15096,14.165849685668945,6.800487518310547,35.212738481578384,55.6589895904686
15109,13.660133361816406,6.876789569854736,32.584131112257026,58.914198596506964
15116,11.488895416259766,6.461579322814941,21.679418394234737,68.96663386139242
15118,16.012374877929688,6.747044086456299,44.647667957568615,43.9552113150362
15119,11.633427619934082,6.680947303771973,23.245322813732766,68.98605632152483
15120,12.989537239074707,7.508350372314453,31.91552964789785,61.51645207439199
15121,13.03541088104248,7.505064964294434,32.134287518417175,61.32182698379288
15124,14.322564125061035,7.048398494720459,36.76999309783561,53.70605021067054
15125,15.44180965423584,6.782412528991699,43.38588660908284,46.63327232443888
15126,14.917677879333496,7.3459906578063965,40.97585456978754,51.21061729771929
15130,12.58691692352295,6.973062038421631,28.152861238757314,63.599230195200505
15131,12.61633014678955,6.97145414352417,28.25641025641026,63.45167652859961
15133,14.563554763793945,6.583223342895508,35.64745533332466,53.41522766015589
15136,12.19348430633545,6.963375568389893,26.34589232861371,66.57734047942832
15141,10.242717742919922,6.281731128692627,17.002118644067796,76.41378748370273
15147,12.156085968017578,7.0250325202941895,26.526514344823386,65.96945450120174
15150,13.744227409362793,6.563506126403809,32.23235401127888,57.44724395124613
15166,12.814959526062012,7.015218734741211,29.604778744542504,60.970475074408625
15173,15.890957832336426,6.872045993804932,45.05645579319826,45.08575420883009
15177,15.28355598449707,6.781515598297119,40.345628542228,50.26107962463997
15179,15.09919261932373,7.131505489349365,40.34197971374734,51.13659142845688
15184,12.44477367401123,7.1465229988098145,28.583479915281618,64.56904907204652
15185,12.592225074768066,6.805307388305664,26.866829901390172,64.2408916362274
15186,11.772176742553711,7.424886226654053,26.780010712797825,67.34778899755986
15187,12.563347816467285,7.26603889465332,29.464517565010944,63.551211188188596
15188,11.774849891662598,7.4449005126953125,26.810193582919506,67.22174313836273
15191,14.750874519348145,7.217339992523193,40.087995286862125,50.98712661544054
15192,13.67889404296875,7.092858791351318,34.18801277635122,56.99129454499906
15193,11.912997245788574,6.795469284057617,24.70865456035653,67.91486309965936
15195,12.71983528137207,6.624273777008057,27.54188661923342,63.90355239333895
15199,12.166614532470703,6.53092098236084,24.23469387755102,67.33412543099432
15200,14.517759323120117,7.360877513885498,38.36831655898184,53.40785200316742
15202,14.730164527893066,6.4776458740234375,33.357362717837816,55.033011797283535
15203,12.914034843444824,7.261829376220703,29.97775305895439,62.80172413793104
15204,13.845016479492188,7.466960430145264,35.03557417381475,57.88682758162111
15206,12.868819236755371,6.589145183563232,27.119397487839265,65.39873248917282
15216,16.110631942749023,7.04624605178833,46.453329598767596,44.52769413906589
15218,15.484990119934082,7.024681568145752,41.84696121187089,48.75180699473998
15220,16.609914779663086,6.9588093757629395,49.68333646087446,40.539969975605175
15222,15.315544128417969,7.10562801361084,41.36364740460055,49.54820374553669
15230,16.420913696289062,6.721775054931641,48.17091648989133,40.91345945711936
15237,14.671453475952148,7.360861778259277,38.697976082135945,53.33196610995039
15238,16.452028274536133,6.693152904510498,48.25088246140878,40.9286479461918
15240,16.68815040588379,6.718717575073242,49.170886354629914,40.27035357315838
15247,12.249388694763184,6.769870281219482,24.835096788089274,67.02474221252996
1527,17.684619903564453,6.762197017669678,56.73615619514776,34.619731178917505
15287,12.473389625549316,6.736374378204346,26.954599592223992,64.69709510063186
15288,11.337335586547852,6.376391887664795,20.215676806695637,72.73244272761414
15290,14.8370943069458,6.601542949676514,37.37841542134583,52.04151560703865
15292,14.779481887817383,6.714132308959961,38.40966071448122,51.44571322217235
15293,16.46233558654785,6.178248882293701,47.53509952617008,39.829071052602785
153,12.36087703704834,6.668299674987793,25.69557871022247,65.79977471134892
15302,15.128707885742188,7.2224555015563965,41.432986703583275,49.8551237886739
15304,14.603150367736816,7.435610771179199,38.89724050939125,53.07138043647297
15306,15.028700828552246,6.981757640838623,39.624822914461575,51.07554021266548
15308,13.99299144744873,7.362007141113281,35.94732629492701,56.953920036589544
15320,17.47266960144043,6.559361457824707,56.54086325471499,34.2812539555293
15328,16.567163467407227,6.758845806121826,49.97032911854659,40.596612954763316
15333,17.471481323242188,6.538011074066162,56.44338882593917,34.21838228885209
15338,16.005908966064453,7.191329479217529,47.5185901769272,44.2667661250845
15343,11.497156143188477,6.0077805519104,18.081472667459927,72.17540421362078
15348,13.351944923400879,6.989040374755859,31.682860312950424,58.88507523046134
15352,12.064162254333496,7.012448787689209,25.50254667086587,67.73167102876815
15353,15.693107604980469,6.9234700202941895,45.110182612568664,44.80476786358141
15355,15.560954093933105,6.785910606384277,43.96003741994291,46.241214708916026
15360,15.923078536987305,6.873994827270508,45.8435735883343,44.33173957728228
15361,16.446565628051758,6.746400356292725,48.32860855185448,41.03620363808174
15362,17.98531723022461,6.460387706756592,58.88953203615477,31.328198049779598
15363,18.324382781982422,6.356493949890137,61.62933938881221,29.14941300443772
15364,10.617632865905762,5.8634772300720215,15.872872420545262,77.03569814731134
15365,10.664101600646973,5.836675643920898,15.926684538690925,76.94207656857134
15366,10.582237243652344,5.871778964996338,15.772821251801266,77.10983021113965
15367,10.368724822998047,4.458035945892334,7.569648860925489,83.82974567877122
15369,17.039213180541992,7.01950216293335,52.5929689339397,39.02402755920148
15370,16.358171463012695,6.808352470397949,47.5871642034784,42.39133393211943
15372,16.689544677734375,6.820371150970459,50.04060723433498,40.316736427812835
15375,16.483957290649414,6.737053871154785,47.5170350506799,41.99977987012337
15376,12.772055625915527,7.871944904327393,33.39343707039111,61.01293060508857
15377,14.282872200012207,7.252492904663086,36.122310419687686,55.3506617603916
15378,15.245692253112793,6.925081729888916,40.20964821739793,49.80456522106973
15379,14.663765907287598,7.029247760772705,36.93237504083633,53.81139061308941
15380,15.069665908813477,7.003178596496582,39.20063669962823,51.49417267206699
15382,12.506834983825684,7.44908332824707,30.13989872760322,63.311477538301745
15384,14.401309967041016,6.791985511779785,35.27308296719156,55.07841313620474
15386,16.515674591064453,6.896435260772705,48.18395037373139,41.88641195940466
15387,15.41769027709961,6.652955532073975,43.142608911505526,46.630259401762444
15393,16.965431213378906,6.849253177642822,50.90513164551393,39.3154873193586
15394,13.853755950927734,6.617832183837891,31.427701674277014,56.440385591070516
154,11.94405746459961,6.854981422424316,24.787564766839377,67.93652849740933
15401,14.354565620422363,7.120490074157715,36.67030521852303,55.380158696838656
15402,13.98757553100586,6.6932477951049805,33.03818959403409,56.92763963809073
15403,12.265064239501953,6.916020393371582,26.769733534439418,65.93514328808446
15404,14.562483787536621,6.794659614562988,36.510941167562656,53.79218091416168
15405,12.557596206665039,7.383006572723389,30.077571725023883,62.11337659343194
15406,14.6721830368042,7.024827480316162,37.500410657380336,53.22530306514669
15409,17.017431259155273,6.760878562927246,50.492727344396705,39.2644566202846
15410,14.098608016967773,6.4095282554626465,31.499386411810644,56.1210070283738
15411,16.866798400878906,6.862939357757568,51.17866666666666,39.35111111111111
15413,16.586606979370117,6.912559509277344,49.103832450127506,41.460635546472304
15415,16.510814666748047,6.897250175476074,48.88049228111843,41.66036921083882
15417,16.272403717041016,6.808236122131348,47.401825744071736,42.62140117755091
15419,16.0633602142334,6.7227349281311035,45.91882123992216,43.5279399499583
15420,16.561477661132812,6.812485694885254,49.30375265518055,41.02902997403823
15431,16.539791107177734,6.840571880340576,49.025615545986525,41.33819145412389
15432,16.90833854675293,6.753748893737793,51.31921438712731,38.89907714150497
15435,16.609603881835938,6.743679523468018,49.51071066292738,40.65278357897249
15436,16.35427474975586,6.75870943069458,48.01589178451497,42.03045925365369
1544,13.866564750671387,6.6719465255737305,33.17511442617393,56.46589382815862
15457,14.09542465209961,6.737328052520752,34.00925865553889,56.45563017539285
15459,16.568519592285156,6.783908367156982,50.050120879768855,41.00241759537709
15460,13.070432662963867,7.089324474334717,29.838235823150622,62.336167304210186
15462,14.330842971801758,7.083881855010986,35.818281057615415,55.574313603533845
15482,9.626914024353027,5.83058500289917,13.039463367889189,80.7160902517641
15484,10.137245178222656,6.085792541503906,15.303162676917701,77.84903022890093
156,14.134510040283203,6.949709892272949,34.478371501272264,55.4430799867242
15605,17.436017990112305,6.920287609100342,56.32519959518723,35.593163162037555
1573,9.651296615600586,6.167646408081055,15.120063790015816,80.129671507562
1575,13.908549308776855,7.111433029174805,34.791167802541906,55.60416282925033
1576,13.40506362915039,7.950891971588135,35.95062999218077,58.05429909039621
1578,15.217516899108887,7.341963768005371,40.32894847369924,52.08070829763285
1588,12.720752716064453,6.395035743713379,27.731362467866322,60.5033302173405
1594,17.405946731567383,6.70872688293457,54.48468907603581,35.398518375521824
1595,14.045032501220703,7.051131725311279,35.03784554062845,55.47753534143596
1599,16.298967361450195,6.755163192749023,46.89191467046242,42.81834697432247
1601,12.553771018981934,6.706971168518066,26.271382339343504,65.69810448451226
1602,14.273926734924316,6.865749835968018,33.522938335809805,56.46127414561665
1624,13.160853385925293,6.900838851928711,30.766921806993846,60.94101755965781
1627,14.577301979064941,7.150880813598633,37.90379250867741,53.75630842614084
1632,11.012714385986328,6.844512462615967,22.411442389319063,71.46476989169861
1636,12.545064926147461,6.7121405601501465,25.154698275135306,67.19890741708679
1637,13.953349113464355,6.576566219329834,31.984912621679047,57.45392255365408
1638,12.030505180358887,6.157899379730225,21.810839243899956,68.88044252893066
1639,18.09126853942871,6.117361068725586,57.197788163499176,29.73415161158936
1640,15.650623321533203,7.254939556121826,44.57755623507728,46.64334883201386
16468,15.937657356262207,6.758159160614014,43.44213372031786,46.03672451929266
16469,16.141677856445312,6.755406856536865,44.30044046767982,45.45810944814704
16495,17.877714157104492,6.749837875366211,59.01237033972063,32.27131993094297
16497,14.312268257141113,6.946086883544922,37.46810273405137,53.232808616404306
1654,14.125020980834961,7.666813373565674,38.234666247205155,55.80486051031988
1655,13.770294189453125,7.113353729248047,33.82420066511618,56.92285956484883
1656,16.296119689941406,7.092123508453369,48.586242912563414,42.52461951656222
1662,11.835987091064453,6.625706672668457,23.334667771457298,68.23788997402501
1663,13.847110748291016,6.627519130706787,33.27729295834872,56.162173718683796
1664,14.757345199584961,7.016932964324951,39.905051160322,50.572543469072826
1665,16.98041343688965,6.450476169586182,52.758703685350625,35.92615140660617
1675,15.40626049041748,6.674795627593994,40.94216189777452,48.004809651911636
1686,13.815224647521973,6.700571060180664,32.29578548909204,58.17965183099779
1689,14.42266845703125,6.743212699890137,36.136803395771494,52.513904225466256
1705,14.816997528076172,6.551258087158203,39.144938389270884,47.67513105044591
1706,13.64765739440918,7.3247575759887695,35.0193224481707,56.37530690213263
1712,15.416550636291504,6.697419166564941,41.894235156923386,47.31835927597221
1715,12.43776798248291,6.901772975921631,27.328556806550665,65.45712682008784
1718,10.944570541381836,6.35532808303833,19.095426936398773,74.48253936382042
1719,10.431053161621094,6.060924530029297,15.694488136827989,77.67935493484775
1723,15.067707061767578,7.355566024780273,41.44993640629797,49.89254857243103
1724,11.783147811889648,6.3007378578186035,21.60912981455064,69.59201141226818
1725,15.476749420166016,7.408505916595459,44.11821270594269,47.8470842148001
1728,16.111936569213867,7.129886627197266,46.980061452889856,44.379527665014464
1733,15.052423477172852,7.05519962310791,40.554832752759474,49.838418600747055
1736,16.77373504638672,6.728150844573975,49.18501179022014,39.794144477529734
1748,17.36626625061035,7.085949897766113,55.25550835067683,36.85649907979153
1752,17.425323486328125,6.884611129760742,54.55080753701211,36.6335800807537
1755,12.636656761169434,6.707616329193115,27.28520814880425,64.26040744021257
1759,12.694785118103027,7.159355163574219,31.477353195730284,60.034794163672444
176,10.21902084350586,6.669793128967285,18.437041335290303,76.95327166604089
1764,15.043200492858887,7.041797161102295,40.36782406462932,50.08466277693908
1765,15.459623336791992,6.827462196350098,42.16891694899918,46.86686304275704
1768,10.37047004699707,5.897029876708984,15.061055646155683,78.2228232767193
1769,14.7095365524292,7.570291996002197,41.34931007991699,51.09499246725
1776,11.18051815032959,7.021557331085205,22.845408851293367,71.4585631972539
178,12.462004661560059,7.564255714416504,30.64361514269858,63.296950942634666
1787,16.52729606628418,7.169513702392578,50.00321178511017,41.48984005310151
1788,16.62375259399414,7.14711332321167,50.43905635648754,41.06815203145479
179,12.275368690490723,7.36082649230957,27.562484844674756,66.26312338904505
1802,14.425878524780273,6.941021919250488,36.17769342010123,54.1467823571945
1805,11.155016899108887,6.963831424713135,22.098684688612746,70.90691083496839
1809,13.543462753295898,6.152207851409912,27.511241496816513,59.9034063977248
1810,14.14708423614502,6.066952228546143,32.74412308333116,53.49751386249447
1817,13.117661476135254,7.054892063140869,31.13457878796001,60.51220885041143
18191,13.950820922851562,7.344614505767822,35.51753172550671,57.05629397967162
1827,17.500932693481445,6.516427993774414,55.41457440293938,33.96693202694428
1833,13.27669906616211,6.7118682861328125,28.285830793664417,64.66390522384856
18392,18.02293586730957,7.155312538146973,57.91024724262714,34.702810461765154
18394,17.096817016601562,6.924015998840332,51.84964761158967,38.85043069694596
184,14.85220718383789,6.764965057373047,37.32060295459788,50.05064738388712
1840,13.066385269165039,7.23569393157959,30.563780646689565,62.34158474475897
1841,11.409918785095215,6.006451606750488,18.78465237230754,71.97389725724939
1842,15.435922622680664,7.010639667510986,42.929859824062234,48.09313738286043
1845,12.341205596923828,5.965651035308838,20.377589015592275,67.51221782639051
1848,14.390427589416504,6.986670017242432,35.73340272098729,55.3998463559091
1849,13.283008575439453,7.141182899475098,31.07456058745457,61.07493270817053
1850,13.933687210083008,6.866064071655273,33.35115443434582,57.78885725298088
1851,13.544126510620117,7.228294372558594,32.72028731312119,59.34519335170801
1853,12.846515655517578,7.012849807739258,30.19025922049135,61.73757773536113
1854,9.351042747497559,6.102332592010498,15.311817520019414,78.50885707352585
1856,14.016016006469727,6.595020771026611,31.82518513609781,56.8645317340667
1859,14.136332511901855,7.076157093048096,36.70828771161459,54.447064768803166
1860,13.421345710754395,7.119677543640137,32.25045912542811,59.73842259393458
1865,13.916650772094727,6.820267677307129,32.704701375070535,57.34707413897221
1866,12.090032577514648,6.7068915367126465,25.017465418471424,67.34316054212658
1867,14.175727844238281,6.693669319152832,34.39351092180754,55.62150147214561
1869,16.517847061157227,6.668736457824707,48.56472119563954,41.17797457174069
1872,14.77428913116455,6.62737512588501,37.30520891537841,52.33128453467436
1873,15.744161605834961,6.828830718994141,43.74486396031615,46.500022411809525
18743,14.387391090393066,6.4127326011657715,35.24443561208267,53.49016295707473
18749,15.753156661987305,7.191442489624023,44.255427942101946,47.18179672750157
1877,15.822543144226074,6.866873741149902,44.26653057318746,45.66042550476859
1878,14.566261291503906,7.054653644561768,38.27351147300607,52.8553824075374
1880,13.110089302062988,6.653288841247559,28.729421502805113,61.28713326588798
1881,11.81128215789795,7.053964138031006,24.519107463452166,66.74422012970359
1885,15.725198745727539,7.086113452911377,44.0970118100163,46.4226558396962
1897,12.221170425415039,6.765040874481201,26.157303899649335,66.12812124920572
1910,15.63494873046875,6.0442423820495605,38.31995100707676,47.264561785519874
1922,14.266592979431152,6.523990154266357,33.87859269611715,52.79455550829434
1925,13.323530197143555,6.763842582702637,30.370350872575084,57.18196414940381
1931,18.11695671081543,6.290971755981445,58.39308350499128,31.27772936143242
1934,9.522327423095703,6.462671756744385,15.496054844134004,79.83443280300091
1935,11.009818077087402,7.122849464416504,22.71456687298554,70.65732051684304
1938,9.459844589233398,6.462498664855957,15.42822576107141,80.00604918125035
1939,10.962570190429688,7.111114025115967,22.49238182977819,70.92906243356248
1943,12.031766891479492,7.602544784545898,28.578105860357166,65.44065501901876
1944,12.004243850708008,7.460522174835205,27.635293362846053,66.12693677220672
1946,10.00451374053955,6.07375955581665,15.177145107993962,76.74902072346106
1948,14.923129081726074,6.862911701202393,38.91431407146008,50.71680635200706
195,12.4163179397583,6.701955318450928,25.22427054975974,66.35302285641204
1953,13.729127883911133,6.29237699508667,29.883996998437713,57.8698748938997
1956,14.756811141967773,6.483038425445557,36.28446628446628,51.7990717990718
1965,13.326224327087402,6.723141193389893,28.865717192268566,62.02271956595457
1966,13.264565467834473,6.814741611480713,28.93378914438675,62.49879059567195
1968,14.751779556274414,6.835286617279053,35.68395228830048,53.95144234836309
1972,14.425302505493164,6.823233127593994,35.6836146535828,54.85938285773233
1973,13.907146453857422,6.494204998016357,33.36840038152948,55.83235145598384
1974,14.464943885803223,6.572611331939697,34.873316987138125,54.18046773060323
1975,15.943585395812988,6.744375705718994,47.31783712495879,42.98549291130894
1976,15.139012336730957,6.703649044036865,39.4557500622237,47.98335960556102
1977,15.950478553771973,6.578455448150635,45.89950564803095,43.14355312492537
1978,15.521254539489746,6.712275505065918,42.54386530354403,47.10121572318125
1979,19.302217483520508,5.700423240661621,67.60924708866598,23.40741381298282
1980,14.044001579284668,6.96988582611084,34.696178418235775,56.13669055425247
1981,14.04898738861084,6.865554332733154,34.084189231248054,55.38437597261127
1982,14.580445289611816,6.775219440460205,36.335667303203905,53.904095056227455
1983,18.646751403808594,6.091890811920166,63.50721803646402,28.12733651578766
1984,12.425643920898438,6.694565773010254,25.744602878464818,64.41231343283582
1986,15.257851600646973,6.9053802490234375,41.47285560940702,47.069251536935234
1988,14.54244613647461,6.798059463500977,36.342839450961506,51.4327978258626
1989,15.110715866088867,6.714298725128174,39.561095165919575,48.166661291883
1990,13.442317008972168,6.486640453338623,28.455298040712044,59.62970950777245
1991,14.567439079284668,6.783447265625,36.8294907417227,52.14965957537064
1992,10.484575271606445,6.900884628295898,20.452959112449946,73.73443297454172
1993,7.930324554443359,5.612214088439941,9.930679959498404,86.70024491350141
1994,13.521020889282227,6.711368560791016,31.45182264356726,56.15587902177105
1996,12.83572006225586,6.297185897827148,25.81847115216674,64.60633817850142
2000,15.890811920166016,7.046416282653809,45.026242363902305,46.00464618901877
2001,15.738532066345215,7.041260242462158,44.35602530776399,46.612143803031046
2002,16.001882553100586,7.063349723815918,45.87515779926707,45.67415523771004
2003,16.64154624938965,7.613667011260986,51.40732012666618,41.73945062228441
2005,15.749924659729004,7.0198869705200195,44.15146332193082,46.9807107563664
2006,15.396394729614258,7.025249481201172,41.49488516877161,49.67742702009101
2007,16.772281646728516,6.97968053817749,51.14587425741396,40.13595723656797
2008,16.10389518737793,7.824601650238037,48.862810841017044,44.56831517183571
201,17.81321144104004,6.475062370300293,55.65182975956577,32.98938470889225
2018,15.556866645812988,6.383662223815918,40.47762964314634,47.11517625993636
2019,15.540998458862305,6.377681255340576,40.409994027024894,47.28793120935841
202,13.510663032531738,6.679623126983643,30.38165656345992,59.52918150433577
2023,15.317570686340332,6.404019832611084,39.24462686265392,48.9678319416082
2024,15.639711380004883,6.739974021911621,43.89412048774599,45.780514306410716
203,12.941697120666504,6.560743808746338,26.923008073322237,64.11936344270805
2030,11.238069534301758,6.161340236663818,19.12518209674989,73.02958758225749
2038,16.21745491027832,6.678246974945068,46.89661287462316,42.59493831226408
2039,12.471001625061035,6.344817638397217,23.46414107430777,67.26294006373227
2041,15.658164978027344,6.615795135498047,43.49822634724719,46.08095631468973
2049,15.361790657043457,6.54584264755249,41.53213472453523,47.75289172869297
2057,14.643899917602539,7.099409580230713,36.67887975657841,54.57360712260202
2058,15.385289192199707,7.0254645347595215,41.31896925798591,49.415868353416336
2059,14.342646598815918,6.878450870513916,35.23529566153119,55.25226809445072
2060,14.125601768493652,6.972389221191406,34.147089492731396,56.794104503115115
2061,13.153142929077148,7.231596946716309,31.555267732369884,60.70247793039981
2069,14.775228500366211,7.05068826675415,39.1946345270724,51.24970504419799
2070,13.025238037109375,7.5030741691589355,31.783493138447668,61.08355524549298
2071,13.215787887573242,7.068075180053711,30.517813287404717,61.561094632092626
2072,12.698253631591797,6.8761749267578125,27.55980293227281,64.15385528580757
2073,14.234953880310059,6.931743144989014,34.83869326277224,55.85945450844698
2075,16.473539352416992,6.975018501281738,48.99270072992701,41.68091762252346
2077,11.91438102722168,7.298542499542236,26.84786308163563,65.94739145232654
2097,14.262308120727539,7.198207378387451,36.507350225308414,55.536677254930936
2103,10.977703094482422,6.362698078155518,19.55018442878409,72.46987907631612
2112,15.324112892150879,6.548171043395996,39.37271399115127,47.5251525732818
2113,15.201461791992188,6.582759857177734,38.62482789799231,48.807101904938044
2114,11.568388938903809,6.537963390350342,23.093215461472937,68.75014388654833
2118,15.32306957244873,6.492981910705566,38.94201846281506,48.152681257131
2122,15.450775146484375,6.6233673095703125,39.58088890974797,46.971652508565256
2123,15.030956268310547,6.77651309967041,38.555723171664155,50.13225599801616
2127,14.512659072875977,6.495923042297363,33.81595734985874,53.39583523193293
2128,18.424236297607422,5.960211753845215,60.86868466559691,27.41123868575613
2130,10.8428373336792,6.4940032958984375,19.598781050051166,72.89860450471724
2134,13.54997730255127,7.367630481719971,34.78363555252316,58.03526911066208
2136,12.56874942779541,6.471807479858398,26.753881995762217,63.03538862124582
2137,13.288052558898926,7.664592266082764,34.17771138586064,58.70811217408808
2139,14.513574600219727,7.092805862426758,37.320197044334975,53.95467980295566
2140,14.84066104888916,7.218143463134766,39.4425288109816,52.09838343843825
2141,15.09687614440918,7.282105445861816,41.0806489660053,50.44426388488454
2142,10.107839584350586,5.597774028778076,12.87828400399069,78.93803347744152
2143,14.840744018554688,7.262123107910156,39.599046979689085,52.015953875923074
2144,14.453736305236816,7.3809661865234375,37.95379103219348,54.47995152537014
2145,14.80698013305664,7.274478435516357,39.60964408725603,52.18865882787653
2146,9.982866287231445,5.598010540008545,12.829758967546024,79.34685356397256
2147,14.694934844970703,7.160831451416016,38.603986737087666,52.701728634522894
2148,14.458513259887695,7.196218013763428,37.190169398118385,54.62597262862317
2149,14.176259994506836,7.177619457244873,36.05252477645549,55.44558344134166
2155,16.507038116455078,6.435771465301514,47.41994947770875,40.361848842766435
2156,12.599563598632812,6.411332130432129,24.763164525069286,65.10456034265559
2160,14.383720397949219,6.670962810516357,36.092680134822885,53.781824348674036
2161,12.062301635742188,6.835731506347656,25.74505863715139,66.05318277992195
2162,14.265204429626465,6.413069725036621,34.141262525897424,54.44378673206207
2165,13.481898307800293,7.0768351554870605,31.767238650034823,60.01287490238292
2166,14.78113079071045,6.958079814910889,37.98558248664946,52.24702997101633
2171,14.036191940307617,7.1456074714660645,34.34975479722443,57.37846692306127
2172,14.932791709899902,6.756852149963379,38.34886543644181,51.211709765681256
2173,14.590510368347168,6.847531318664551,36.08630719261418,53.7289427786655
2174,14.139444351196289,6.618565559387207,33.11350118647724,56.50199800712914
2175,15.543872833251953,6.999152660369873,43.82628822024607,46.8437081252284
2177,13.671426773071289,6.2815046310424805,29.084602997646474,60.28242289111855
2179,17.061050415039062,6.709826469421387,52.22793807003156,37.65004100499515
2180,17.14842414855957,6.997431755065918,53.866819719376224,37.665620535114606
2181,16.421724319458008,7.069131374359131,49.2141225895485,42.10275637189649
2184,17.19601821899414,6.735921382904053,53.80263436639376,36.23811482049173
2185,17.169784545898438,7.2057271003723145,53.613641960108346,38.8685052942625
2189,12.834298133850098,6.518539905548096,27.913248034884386,63.23942853864249
2190,12.020657539367676,6.4926981925964355,23.68732811508356,68.78675692828432
2194,11.30022144317627,6.357646942138672,21.42034917183603,71.79765939758266
2195,16.914379119873047,6.954533576965332,52.31605032405643,38.83434998093786
2196,16.911975860595703,6.912087917327881,51.977152899824254,38.85906996627559
22206,13.414955139160156,6.9173383712768555,34.52212210185279,56.44173331983395
22211,15.498376846313477,7.393529415130615,44.96001881467544,47.46354656632173
22212,11.454824447631836,6.782156944274902,22.997463741350867,70.19772967915097
2224,12.103584289550781,6.898292541503906,24.698487486057978,68.71879332450773
2226,11.999542236328125,7.038479804992676,24.649584741544185,68.43118761298436
2227,15.505681991577148,6.678929328918457,41.39952433591264,47.861186480420734
2228,13.122849464416504,6.7464165687561035,27.830756227315668,62.87674638293641
223,15.007299423217773,7.036463737487793,40.17718994624703,50.34326254140353
2230,11.985350608825684,7.054140090942383,24.754376504320604,68.29188094329945
2231,15.653563499450684,6.647669315338135,42.233967818552834,47.18663232194828
22328,18.95313835144043,6.958615779876709,66.72027149923474,26.98245458376772
22330,18.645750045776367,6.797068119049072,63.18455277359993,29.243342475448998
22331,17.8461971282959,7.058927059173584,57.73527532335897,34.4258863451072
22333,17.383028030395508,6.7918853759765625,54.67908000642069,35.602742553142704
22334,13.681899070739746,7.845201015472412,37.480865952328884,55.68232978737089
22335,15.65610122680664,7.059597492218018,44.04361739317503,46.639954822921986
22336,16.86924171447754,7.276696681976318,52.63786996523779,39.58723996885657
22337,16.86838150024414,7.271976947784424,52.58352332514907,39.62754296737987
22338,16.896324157714844,7.247781753540039,52.6677914849793,39.48331397769354
22339,15.297772407531738,6.97774600982666,41.55973363783338,48.15999819108885
22340,16.4942569732666,7.307766914367676,50.24854293617499,40.69775749966827
22341,12.608742713928223,6.8877410888671875,25.838903052435747,66.0580169503204
22342,15.120918273925781,6.532631874084473,39.76931447225245,49.208922742110985
2236,12.720556259155273,6.340658664703369,24.166938650888074,63.78223013023657
2238,11.907649040222168,7.01350212097168,24.146743067904893,69.01534611078179
22381,16.781980514526367,6.783283710479736,51.82410151521476,38.777810243352675
22383,16.194141387939453,7.012822151184082,48.21014217609586,41.94300299540142
22386,15.534924507141113,7.040297031402588,43.881716164860336,46.076185845350665
2239,13.51267147064209,5.817675590515137,26.896506131623312,59.27841866922289
22435,14.565999031066895,6.9009270668029785,37.914542255109865,52.213148039525336
22437,13.178299903869629,6.229062080383301,26.682866756097024,61.68165724715765
22439,12.79445743560791,6.139394760131836,23.910805035485335,63.66323807836668
2244,9.59648323059082,6.024995803833008,14.135923506120873,80.2383241602253
2245,9.75287914276123,6.057307720184326,14.85229550078786,79.12019826517968
2246,8.343355178833008,6.016624927520752,12.164685773972494,83.84082168800543
2247,9.296422004699707,6.091917514801025,13.897304079072187,80.85850240215429
2248,17.460140228271484,6.722494125366211,55.01244274883077,35.76927173607816
22483,17.432403564453125,6.507839679718018,55.27947001047902,34.97149352609985
22485,16.21352767944336,7.084712028503418,46.7796752991405,42.14089096118195
22486,15.894871711730957,7.201618194580078,45.114155251141554,45.312258517737966
2249,15.838066101074219,6.74067497253418,45.073250691527505,44.85503534473927
22492,17.81751251220703,7.069137096405029,57.205954312498385,34.65322310644106
2253,16.731107711791992,6.752513885498047,50.00859566980493,40.19031824203383
2258,17.67562484741211,6.751336574554443,56.74281931265172,34.4069036806467
2260,17.0863037109375,6.950301647186279,53.59305540970982,37.776377658767665
2265,17.69131088256836,6.804009437561035,57.01514920739066,34.558470316692244
2266,16.86594581604004,6.225096225738525,49.51357924604783,37.97979483022045
2268,16.61241912841797,6.990931987762451,50.67450584331266,40.38738998701486
2269,16.748382568359375,7.0084428787231445,51.47115064335854,39.737721906265804
2270,17.235599517822266,6.730996608734131,53.968211744363906,36.928908691893334
22728,11.87502384185791,6.149148941040039,21.19263343491067,68.4515741089901
22730,12.297924041748047,6.16769552230835,23.241454859305325,65.66452369623671
22740,11.619014739990234,6.004705429077148,19.74161238785793,71.1487649010692
22751,13.425884246826172,6.413041114807129,28.636972883802454,60.51757913186927
2276,15.510454177856445,7.364581108093262,43.332054163697165,48.01710432542075
22768,12.314203262329102,6.2086501121521,23.5617831016421,65.3546091453577
2277,16.11264991760254,7.656745433807373,48.10923911858939,44.04655521893594
22784,11.937749862670898,6.162389278411865,22.004343133557857,67.94143271393834
2280,15.266833305358887,7.135879993438721,43.03441648147036,48.04733016998018
22804,12.187089920043945,7.185356140136719,27.33365004599072,65.59489755693248
2281,15.042581558227539,7.6056084632873535,41.65689198699688,50.06423360925858
2282,13.868911743164062,7.775303840637207,36.23725466265768,57.0680454005836
22825,11.8353271484375,7.024279594421387,25.43074315542107,67.66592839837374
22838,14.458675384521484,6.875232696533203,37.37667837720775,52.80932672409644
2284,14.574584007263184,7.864207744598389,40.501228718811575,53.0917221988532
22844,14.722007751464844,7.510283470153809,40.36547306815264,53.08776490182192
2285,11.934236526489258,6.255095481872559,21.656215843065063,69.96203187021803
22855,15.494048118591309,7.443676471710205,44.30063124192756,48.446453584617345
2286,10.317401885986328,5.957545757293701,15.412139837539135,78.175994459594
22866,14.538802146911621,7.6563520431518555,40.194863129969285,53.288907487386794
2288,12.239291191101074,6.489570617675781,24.010623888935918,68.27964953864387
22886,14.610309600830078,7.371687412261963,39.555385504349324,53.36857557821748
2291,15.241808891296387,6.112993240356445,36.79380164420428,51.781922163116846
22922,14.225399017333984,7.758093357086182,38.99675595811653,54.78576475878461
22954,15.211020469665527,6.3918232917785645,37.471362626089935,49.73841682338861
23,14.427803039550781,7.169154167175293,37.78530407892799,53.59299072301575
2300,11.605701446533203,6.563023567199707,21.998139899162954,71.47070341181654
2301,11.593908309936523,6.574265003204346,22.045695112939626,71.41259411635478
2303,10.428669929504395,6.452532768249512,18.37172743213012,75.61420480883568
2307,11.482002258300781,6.576567649841309,21.648894365582215,71.96666116841155
23079,14.39134407043457,6.668387413024902,35.01727712508639,54.40105966367197
23080,14.872356414794922,6.690330505371094,37.987492782415515,51.39018017048179
23087,13.735763549804688,6.954030990600586,33.890373537621,56.45347110873568
2309,12.982906341552734,6.210938930511475,24.853516594831866,64.95123840546606
23091,11.38528823852539,6.078614711761475,18.830506595721094,72.72918745150206
23093,12.419715881347656,6.678177833557129,25.18770171564464,65.46514919879961
23099,13.828393936157227,6.612780570983887,31.976671050374524,57.60420835954029
2312,11.848987579345703,6.383636474609375,21.87073325512971,71.22651487471396
2314,11.750432014465332,6.401034355163574,20.96953642384106,72.2066225165563
23147,13.244464874267578,6.251733303070068,27.23524719997304,62.31281665299887
23150,13.076242446899414,6.660135746002197,27.34127127742994,61.677101805942605
23156,14.027113914489746,6.894505500793457,35.67307239414064,54.2802976779238
23181,13.014657974243164,6.364196300506592,26.86622279415879,62.98886588709226
23186,12.635007858276367,6.668516159057617,25.985884656002884,63.11078484403575
23193,14.207694053649902,7.130064487457275,37.17210920770878,52.83859743040685
2320,12.8311185836792,6.042534351348877,22.80591348485005,68.62510445574688
23203,11.147529602050781,6.977327346801758,23.70591020279334,70.43813619506037
2321,12.920173645019531,6.210274696350098,25.239490143298234,63.910220885123906
23213,12.782391548156738,7.267083168029785,30.12603432027423,63.05029981048249
23229,12.03886604309082,7.322841644287109,27.56591084344405,65.92938925709377
2323,11.196013450622559,6.497772693634033,20.354147985376862,73.36795325325424
23246,12.258691787719727,7.4320831298828125,28.741191244693994,65.16039977997572
2326,13.170453071594238,6.2388153076171875,25.650528615456636,64.03756875902158
23269,13.025163650512695,7.175755500793457,30.4443596716833,62.29280238238805
2327,16.718122482299805,6.397915363311768,49.789665595921164,38.903577657987576
23278,14.6813383102417,7.2265753746032715,38.13884180951623,53.30383447271735
2330,16.30069351196289,7.1158318519592285,49.14691472756309,42.03892342533361
23317,13.656281471252441,6.812817573547363,30.44855778942556,60.13800142466802
23341,13.67739486694336,6.7995147705078125,30.27386088038976,60.05301225505977
23344,12.36264419555664,5.940004348754883,20.969646454122387,65.71210271981266
23383,12.584694862365723,6.17990255355835,24.917965755175057,63.18425760286226
23384,13.459996223449707,6.37954568862915,30.449945153879586,57.792288428503426
23395,15.014993667602539,6.781033039093018,40.16013533869435,49.50986072165187
23399,16.409664154052734,6.599751949310303,49.741085562501674,40.47650988704354
23409,16.815784454345703,6.90733003616333,49.91746092949838,40.580303888373436
23417,12.848039627075195,6.473862648010254,26.46160768810465,64.33323691061614
2342,17.97392463684082,6.161836624145508,58.63772615874318,30.89526152884775
2343,16.50814437866211,7.010523319244385,49.09933948646166,42.07077555662482
23435,14.404380798339844,6.680605888366699,35.081331845675024,54.90868518409771
23444,14.608277320861816,6.689261436462402,38.247749427369094,51.68193682416236
23448,12.925711631774902,6.912970066070557,29.03979450905477,61.846062499193266
23451,11.109010696411133,6.220940589904785,18.55647800102761,74.14613699667379
23461,10.677599906921387,6.005279541015625,15.652542234820716,74.92954075232556
23516,14.08515453338623,6.865074157714844,34.27784170687161,55.60212408813066
23517,13.90874195098877,6.854206085205078,33.62194427453545,56.24327687667419
23520,15.41291618347168,6.993260860443115,41.55452480482544,48.89671495924717
23522,16.32796287536621,7.192262172698975,48.578139980824545,42.77564717162032
23534,15.288688659667969,7.010645389556885,40.96250223352932,49.58605256664426
23536,16.23151397705078,7.190187931060791,48.10787671232877,43.261986301369866
23553,13.980932235717773,6.763948917388916,33.37209640375614,55.977749997577305
23556,13.816431999206543,6.858697891235352,33.23276952722035,56.411429238764434
23562,12.277202606201172,6.897341251373291,25.917398186789462,65.9087638509138
23566,11.733418464660645,6.792876720428467,23.505941349612993,69.17257167774991
23573,16.297147750854492,7.097336292266846,50.855758168137896,40.92265086492155
23585,16.986371994018555,7.308487892150879,53.87208034038539,38.34150559611662
23588,14.391467094421387,6.4721527099609375,33.228718928384616,55.72763867094221
2359,16.2631893157959,7.208473205566406,47.73263724972925,44.1337369137208
23592,12.448864936828613,6.905638694763184,26.04560226161854,66.45486010198421
23593,15.059292793273926,7.232146739959717,41.62394396707344,49.068524803234894
23594,15.661650657653809,7.0420637130737305,43.905803954915015,46.674591536586
2361,14.754158020019531,7.655447006225586,41.70539716018229,51.04365183985537
2362,13.791191101074219,7.071564197540283,33.38544985698831,57.41734220549224
2363,14.572649955749512,7.323278427124023,39.215733110394524,51.68517855010152
2364,15.325776100158691,7.242655277252197,42.549950588112914,47.72073738882325
2365,14.54026985168457,7.052534580230713,37.96885139519792,52.56245944192083
2366,14.901337623596191,7.396407127380371,40.72039481029901,50.34724548357562
23674,14.015458106994629,7.2246809005737305,35.04298843759265,55.102013314287255
23676,14.279873847961426,7.558464050292969,38.199586201512055,54.22321695793049
2368,15.157268524169922,7.479769706726074,42.83298759246937,48.41128811303769
2369,11.977649688720703,7.042201042175293,25.126992590929504,68.14590817242929
2371,13.967470169067383,6.79231595993042,33.544597198278986,56.41324660649871
23711,10.369919776916504,6.656115531921387,18.684691985609213,75.68914920003438
23712,10.243874549865723,6.671788215637207,18.442033402413752,76.11971230037791
23713,14.73402214050293,7.35021448135376,39.721741445879374,52.75429370256957
23714,13.925398826599121,7.137684345245361,35.8742104275678,55.91944797681836
23716,14.395564079284668,7.231640815734863,38.86238266251307,53.119857590842756
23717,14.239394187927246,7.250055313110352,37.048716267549196,55.02617419630127
23718,13.349764823913574,7.603569030761719,34.791582536904926,59.17081706824606
23720,12.88599681854248,7.140896797180176,30.553120695515286,61.6500599273716
2376,15.195712089538574,6.543591499328613,40.208173820083495,47.94859941347279
23768,16.070268630981445,6.9294352531433105,46.98441026717758,43.83811873392473
23769,16.933046340942383,6.910755634307861,52.78584603642377,38.56297835350987
2377,13.158232688903809,7.127251148223877,31.380636530851124,60.5456774984672
23770,16.834152221679688,6.917509078979492,52.254098360655746,39.085254223183824
23797,14.921296119689941,7.7818708419799805,42.27140206732044,51.28942486085343
23799,12.227803230285645,7.114841461181641,27.463845878685678,65.4463692574991
2381,11.377669334411621,6.360087871551514,20.196839080459768,71.8405172413793
2382,10.645421028137207,6.017500877380371,16.52559902501202,76.54773751355702
2383,10.728150367736816,6.158920764923096,17.499776045865804,75.70321598136701
2384,10.748464584350586,6.139398097991943,17.42725606758146,75.54976981182675
2385,11.401397705078125,6.379432678222656,20.340920456656235,71.39754525840513
2386,10.72238540649414,6.1970906257629395,17.684826844387274,75.82363965002938
23865,12.47731876373291,6.654443264007568,26.354914752480674,65.39553752535497
2387,10.74752140045166,6.181551456451416,17.61692502162198,75.68026079435832
23871,14.54955005645752,6.7339067459106445,36.711545153993384,53.09291804419697
2388,10.563437461853027,6.0003814697265625,15.989442398970855,76.97844120125981
23887,12.613815307617188,6.624454021453857,26.64552292224168,64.96415474577951
2389,17.77180290222168,6.747782230377197,56.927495291902076,34.676082862523536
23901,12.512029647827148,6.646638870239258,26.44989856222987,65.29835935432654
2398,16.658140182495117,6.294877529144287,49.48604559748428,38.23604559748428
2401,18.437801361083984,6.537811756134033,65.29143473676467,28.125842917044704
24031,12.906152725219727,6.56207799911499,27.138498825380292,64.0853379822053
24033,12.420412063598633,6.542157173156738,25.202458155110012,66.69497012216479
2404,16.585805892944336,6.316756725311279,48.55104417534457,38.14434155331682
24042,12.291888236999512,6.809427738189697,25.390883626177747,67.42296918767508
24062,15.87339973449707,7.082834243774414,44.83175197839041,46.3248768172008
24083,16.375972747802734,7.144337177276611,49.22179752336571,41.88090687750347
24097,14.72531795501709,7.215521335601807,39.984737729938146,51.439473050044185
2410,18.345760345458984,6.161741733551025,64.11153676145572,27.949265753155544
24114,14.69246768951416,7.255284786224365,40.17353086045542,51.45303679005797
24131,16.456907272338867,7.073577880859375,50.02641003839118,40.94908659916003
24140,15.773972511291504,7.0933685302734375,43.96436812252365,47.238897213616596
24143,15.7190580368042,7.135025978088379,43.815742413543276,47.36846931944279
24145,15.832917213439941,7.086483955383301,44.15408813708987,47.01472630775316
24153,14.672972679138184,6.889515399932861,37.48408405533483,52.565219472500125
24154,14.556037902832031,6.856537818908691,36.694081569495374,53.72633237365544
24155,14.542441368103027,6.866965293884277,36.648346441770116,53.71174073723112
2416,16.44242286682129,6.717940330505371,49.72218658402992,40.870646520670704
24173,14.741917610168457,6.811214923858643,37.407754643596434,52.219922212217696
24175,14.60180950164795,6.853943347930908,36.86627377344811,53.41798508988826
24177,15.215486526489258,6.753826141357422,40.087824129401625,49.65120480253467
2419,17.3165283203125,6.694285869598389,53.383198141279095,37.669669424856316
24199,15.059696197509766,6.872572422027588,40.02371208934103,50.31934829999618
24202,14.6990966796875,6.748828411102295,37.34527945162102,52.86157342299131
24204,15.21677303314209,6.763549327850342,40.61415667413974,49.44882182758589
24206,10.604572296142578,6.0253400802612305,16.331066945606697,77.50130753138076
2422,16.206052780151367,6.454111576080322,47.739587943157794,41.41515464424448
24227,17.748220443725586,6.665019989013672,57.6530612244898,33.62671761931864
24240,14.884146690368652,7.282050609588623,39.573829297773614,52.34237922564042
24242,15.448518753051758,7.183450698852539,42.599761329568935,48.74503982691542
2425,15.918842315673828,6.165797710418701,43.4968307418045,43.50673467366544
24263,13.516569137573242,8.14612102508545,37.62055744968758,56.64575014261266
24264,13.718342781066895,8.018260955810547,37.77922474851501,56.43230170225772
2428,17.53070640563965,6.514888286590576,60.33574832523912,31.939310533080086
24288,11.167095184326172,6.536929130554199,21.283719829626126,71.44817794604828
24292,11.195016860961914,6.544571399688721,21.441271710332646,71.21931115690316
24301,14.832054138183594,7.08821964263916,39.405129163940046,50.64659873484778
24303,14.33487319946289,6.7691426277160645,35.990797546012274,53.33895705521472
24313,15.010528564453125,6.759109973907471,39.581660543241114,50.25345304427521
24332,14.441446304321289,7.038777828216553,36.02364125510531,55.04397886784037
24334,13.228528022766113,7.123317718505859,30.339534345551083,61.57000887083296
24336,13.566719055175781,7.171323299407959,32.367267413541164,59.326531135437236
2434,14.971193313598633,6.866076469421387,39.57281009764007,49.90959252475998
24352,15.859040260314941,7.013512134552002,46.59000214546234,44.28663376957734
24363,15.859115600585938,6.841972351074219,46.320464809584834,43.551015837864064
24364,15.832561492919922,7.102578163146973,46.29513053138308,44.39671665740912
24365,11.918651580810547,6.103052139282227,20.793279928793947,71.05919003115265
24369,11.527154922485352,6.8095479011535645,23.749396689968705,68.09696554515872
2437,17.58616828918457,6.253861904144287,55.201662185284775,32.92349058909802
24386,11.971238136291504,7.214709758758545,26.075131340369147,67.94287662528863
24395,13.824603080749512,5.96790075302124,28.842704812008822,58.10497940195002
2440,16.408382415771484,6.700769901275635,48.62777783356597,40.30708052579256
24413,14.266739845275879,6.432409763336182,33.81568523897544,55.594401901241085
2443,14.907271385192871,6.6740617752075195,37.109570152474966,51.81750964209348
24452,16.21601676940918,6.511913299560547,45.297385099563456,42.238691244506974
2446,12.9496488571167,6.709847927093506,29.14146308859406,61.893303924517376
24466,16.006271362304688,6.322179794311523,43.9689435252796,44.253627876883264
24468,16.7469482421875,6.272547245025635,50.61146113549483,37.715913917598755
2447,10.983707427978516,7.208714962005615,24.176994464534403,70.20327914896605
24471,16.5295352935791,6.177103519439697,46.45817685216797,41.626493683851145
24472,17.76213264465332,6.398794174194336,56.95251732213714,32.423643048696135
24476,17.776567459106445,6.422830581665039,57.05469011413913,32.41997248763803
2448,13.266366958618164,6.6317033767700195,29.8202154818052,59.587425901086064
2450,14.341765403747559,6.573399543762207,35.151025583345266,54.013374506636126
24501,18.734024047851562,6.725948333740234,63.896435105616234,28.90613738426568
24503,18.727706909179688,6.7313971519470215,63.843125981291884,28.959996461820836
24504,18.093603134155273,6.714994430541992,60.09065501773174,31.632964606965874
24505,17.17841911315918,6.661103248596191,53.17525841286616,36.51959974901754
2451,14.437443733215332,6.663516521453857,34.811991346451016,54.364891315545485
24511,15.442008018493652,6.977358341217041,42.841821026598694,47.82592237419876
24514,14.112212181091309,6.878401756286621,34.78763218044357,56.02315826488835
2453,14.511086463928223,6.6323347091674805,35.22522522522522,54.417792792792795
2454,14.810184478759766,6.819174289703369,37.83842388947401,51.859653470458255
24542,15.338101387023926,6.879220485687256,41.74621284863821,48.13890175434633
24549,16.243581771850586,6.531124114990234,47.21952888838191,41.83197399190099
2455,14.979554176330566,6.614954948425293,38.689528599385525,50.40711410348708
2456,14.824594497680664,6.867008686065674,37.94657837632268,52.13865461622782
24561,16.026193618774414,6.926929950714111,46.45257919192396,43.41816637969668
24564,17.3896484375,5.997857570648193,54.26784819353957,33.392181876167484
2457,14.77610969543457,6.551486015319824,36.80372172466878,52.327763481700394
2459,14.459944725036621,6.665080547332764,34.910840295447755,53.9882356577009
2460,14.272380828857422,7.153716087341309,36.534884242139,55.13794571819181
2461,12.363606452941895,7.359416961669922,29.57060400146802,62.92358508402193
2462,14.59716510772705,7.113790512084961,38.161399785566644,53.40827447469355
2463,14.914437294006348,6.901359558105469,38.5906801579019,51.67090158355643
24635,17.68199348449707,6.846059799194336,56.731651376146786,34.45924488355681
2464,15.036001205444336,6.851895332336426,39.04378879538567,51.029098651525906
2465,14.7781343460083,6.917734146118164,38.03281244779079,52.336188365280734
24654,12.09208869934082,6.900195598602295,25.396710831571895,66.12568953961953
2466,15.317765235900879,6.3718461990356445,40.2466814159292,48.065265486725664
24679,13.884767532348633,6.215627193450928,29.008336989907857,58.1154014918824
2469,12.72476863861084,7.200904369354248,28.317521736090068,64.04745810120977
24694,13.715798377990723,6.887638568878174,32.358027741502845,58.44892292850504
24696,17.750429153442383,6.2738823890686035,54.60542414355628,35.01121533442088
2470,10.148761749267578,5.985548973083496,15.15891294334408,78.64002763703363
2471,12.124992370605469,6.393549919128418,23.228397308690393,68.41586134823808
2474,12.590214729309082,6.83740234375,26.747395294279997,65.07739368430737
2475,10.940571784973145,6.482151031494141,19.632591562355124,73.82012053778396
2476,12.777461051940918,7.159455299377441,29.26100104634985,63.39960215709046
24770,13.771903038024902,7.24491548538208,34.76216289470118,56.778696300311694
2479,11.763191223144531,6.769629955291748,23.18609972241257,69.80336589275137
24794,14.187533378601074,7.262080669403076,37.024226174638585,53.97640830416778
2480,10.342859268188477,6.347355365753174,17.4959630911188,76.23875432525952
2481,11.284981727600098,6.451231956481934,20.686567164179102,71.95866819747417
24812,11.96599292755127,7.292538166046143,26.98720770472341,66.50926407619353
24836,15.033928871154785,7.529805660247803,42.777546947477404,49.469733606696956
2484,12.184266090393066,6.96691370010376,25.5400180584817,66.81290949922442
2485,11.172707557678223,6.6361894607543945,21.24404810412471,71.5484824848365
2486,15.960426330566406,6.512822151184082,43.77530481456632,45.43183027554774
24868,6.766885757446289,5.266132831573486,8.066380974605936,89.83919214205402
24869,7.792206764221191,5.715734481811523,9.808543810414717,86.09292173370751
2489,12.432284355163574,6.6591362953186035,25.19825102998726,66.11887028472405
24890,14.746421813964844,7.459465980529785,40.45648970202365,51.28715718342259
24893,16.582075119018555,6.637678146362305,50.004355400696866,40.03556910569105
2490,11.066493034362793,6.5761284828186035,20.229073273638228,73.24956145882298
2491,12.913324356079102,6.110827922821045,25.126707929463972,65.28553077192572
24919,14.6409912109375,6.976630210876465,37.92247107080608,52.633441230817624
24921,17.23604965209961,6.91887903213501,53.18498983572331,38.08362177902313
24927,18.340059280395508,6.7855730056762695,60.821469373407155,31.440592319184464
2494,11.748594284057617,6.77314567565918,22.63432913985127,69.91516054325183
2495,10.920506477355957,6.327105522155762,18.830631533557867,74.10351136853637
2496,11.11688232421875,6.642811298370361,21.129971242196817,71.74838091230039
24966,17.071727752685547,6.932971954345703,53.59144972959078,37.63582254827323
24992,13.030510902404785,6.86028528213501,29.055869782202542,60.633941596498865
25,17.004026412963867,6.7810378074646,51.777703724590495,38.64551024070134
25000,14.019622802734375,6.691455364227295,33.373838456040026,57.19228020014297
2501,10.708334922790527,6.8373517990112305,20.650966877273596,73.31291084306592
25010,10.85210132598877,6.665134429931641,20.740749910253395,72.69598801728087
25039,11.232638359069824,6.766046047210693,22.462002261022484,70.58660972239669
25048,12.847939491271973,6.505822658538818,26.570419517385073,64.98012501292982
2506,12.891203880310059,6.679152011871338,27.100659097967494,63.82380344387315
25070,13.557719230651855,7.343851089477539,33.775458888609506,58.796831782750814
25071,14.098288536071777,7.315380096435547,36.44510548945106,54.653284671532845
25095,13.766921043395996,7.148571014404297,34.29885057471264,55.66200683442063
25103,15.85521125793457,6.921943187713623,44.9997737965979,44.42408613825552
25104,13.260475158691406,7.012148380279541,31.53085785058304,59.58217465473326
25105,10.404726028442383,6.571146488189697,18.801357310916423,75.12148405632604
2511,18.142324447631836,6.2492780685424805,59.422023759373154,30.117111803858794
25168,12.217698097229004,6.240398406982422,22.441822233587843,68.36785640351198
25184,11.118967056274414,6.600191593170166,21.413727556557966,71.10200624427526
25194,12.069291114807129,7.080235004425049,26.74616857325193,65.82529265528113
25208,10.140560150146484,6.471816062927246,17.273343884241466,75.67638857487377
25218,10.956587791442871,6.522215366363525,20.49778925927766,72.34835312236078
2522,13.384400367736816,7.0025954246521,32.53399491677397,59.158908117655784
25232,13.152460098266602,6.074945449829102,25.74606180995057,59.68725458493094
25233,13.223017692565918,5.935441970825195,25.236756607295096,60.25484458167239
25274,13.103615760803223,6.036548137664795,25.094736842105263,60.130867709815085
25276,13.324037551879883,6.4076385498046875,29.186925061060514,60.312949393960146
25293,13.720732688903809,6.640787601470947,31.738593764286367,57.96836426808083
25296,13.155452728271484,6.381433963775635,28.110394199858646,61.62650190374136
25307,6.958117961883545,4.487000942230225,5.640271722599615,91.50968265233702
25320,6.996169090270996,4.511157512664795,5.737891907439918,91.42440562977951
25332,14.611801147460938,7.177770137786865,37.68068041600564,52.52291556495682
25344,14.99954605102539,7.336655616760254,39.449692262120266,51.74055667094537
25354,13.621101379394531,7.276912212371826,33.80127313351039,58.05685538833383
25367,15.9185791015625,7.240637302398682,45.242682312761346,45.864439433412876
25377,13.603014945983887,7.249203205108643,33.610602001973774,58.230649936557164
25378,17.539167404174805,6.618269920349121,56.705919406484576,33.76056411961296
2538,16.10730743408203,6.703357219696045,45.4230875703608,44.253483436375376
25383,16.627233505249023,6.549088001251221,47.98264241528945,41.572800295448246
2539,16.296072006225586,6.917908191680908,46.933448312027316,43.54235372262944
25395,17.514724731445312,6.62550163269043,56.53126369155661,33.9488014020154
25399,16.17685317993164,6.7298784255981445,47.124682962319255,43.141376069844284
2540,14.409991264343262,6.597317695617676,32.6650739240331,56.23997322345717
2542,17.02927589416504,7.259810447692871,53.34861889727861,38.319148169933854
2543,15.978683471679688,6.7076849937438965,45.981626741916635,43.14110612483373
25436,14.371134757995605,7.3173322677612305,38.557957477092785,52.93123387598968
25438,17.1112117767334,6.7336745262146,52.45982026699758,37.47773352280688
2544,15.102140426635742,6.7055463790893555,38.831477990450374,50.705213765772704
2545,14.02702808380127,7.403921604156494,36.919482946581525,54.944712661579196
25453,15.05746078491211,7.162281513214111,40.474145191173996,50.357082701701195
25458,14.565261840820312,7.050384521484375,38.18613718958207,52.63949878861296
2546,16.610483169555664,6.9822916984558105,50.431673829536386,40.71425854790248
2547,16.79343605041504,7.0133233070373535,51.6257048488578,39.78424403782637
25473,13.474509239196777,6.839816093444824,31.648084267586547,58.50760749045214
25475,13.164344787597656,5.966820240020752,24.55821843912529,62.84644975037017
25478,15.679933547973633,6.689217567443848,44.03439221541471,45.646913453122586
2548,15.099839210510254,7.092421531677246,40.729251360310215,49.36643942710614
25485,13.467978477478027,6.518518447875977,29.43921866869471,60.65244366168995
25487,14.162524223327637,6.747839450836182,34.731450176889105,54.96662247707501
25494,15.33059310913086,6.519985675811768,39.60898723146289,49.060356912817795
2550,11.46263313293457,6.846444129943848,23.484182776801408,69.77466733617877
25538,17.042938232421875,6.473735332489014,52.6945217696819,36.74900678360044
25585,15.13851547241211,7.089892864227295,40.40339598567012,50.401187613485796
25604,12.339080810546875,6.262643337249756,23.437995559784333,67.32710210630398
25605,15.920500755310059,7.630849361419678,45.2791048529042,47.90042745788283
25607,14.711085319519043,6.909431457519531,37.92981451218896,51.58279562646361
25672,12.07119369506836,6.47551965713501,22.991357634089887,68.51281368124823
25673,12.321239471435547,6.589192867279053,25.158277035992388,66.57643927848417
25676,12.721717834472656,6.560341835021973,25.99763004126997,64.16213786621992
25677,13.018670082092285,6.49960994720459,26.815898700673724,61.82627526467758
2568,10.43050479888916,6.149935245513916,17.13307878562116,75.88238033153287
2571,8.835712432861328,5.852721214294434,12.272732526555474,83.22872961383312
25711,10.92717170715332,6.65692138671875,20.206835185588726,72.80907241955401
25715,12.334334373474121,6.575406551361084,24.92726346597139,66.72249609337904
25734,13.960539817810059,6.954934120178223,33.722818478768076,57.018198786747554
25735,12.449799537658691,6.554545879364014,25.24228003751433,66.14852895203029
25739,13.58431339263916,6.937915325164795,32.35421734271251,58.80875682072184
2574,17.997102737426758,6.288496971130371,58.40388581352437,30.142190383154237
25740,13.57240104675293,6.944448947906494,32.32846600722248,58.81614068142566
25741,13.56656551361084,6.834965229034424,31.582902278764152,59.23563539773522
25749,13.581932067871094,6.957076072692871,32.45074053613238,58.727277510325415
25752,13.574286460876465,6.928274154663086,32.25494803906209,58.885581492506134
25754,13.569823265075684,6.942763805389404,32.322349102773245,58.83849918433931
25755,13.734335899353027,6.778599262237549,32.21885031662779,58.2700370129984
25769,13.327062606811523,6.8192620277404785,30.787413983295686,60.243210589903875
25771,13.542720794677734,6.952916145324707,32.24058733461584,58.920602515278816
25773,13.543351173400879,6.961453914642334,32.30578242404443,58.886638353479256
25775,13.578038215637207,6.8244829177856445,31.59870209593966,59.17390160484083
25801,13.607170104980469,6.9377312660217285,32.471415084443514,58.62923528794713
25803,13.622252464294434,6.9067840576171875,32.37780419927617,58.72845813136131
25806,13.621048927307129,6.897583484649658,32.30810479546499,58.63847607374496
25809,13.604076385498047,6.794466018676758,31.529205094422487,59.24286341677646
25812,17.292327880859375,6.804962635040283,52.77967056429266,38.270326255826
25826,15.337727546691895,7.5439348220825195,44.69237929641533,46.12729859318193
25838,15.94682788848877,6.708605766296387,46.99063566517039,41.88900657352768
25839,15.119251251220703,6.685056209564209,39.40981153252584,49.59625247470732
25859,15.75367259979248,6.6789350509643555,43.563850778837896,45.327359534477026
25887,14.012091636657715,7.7370924949646,37.43642585695109,55.580344482047984
25891,16.719629287719727,7.331465721130371,51.14868573793947,41.16821294554879
25897,15.158413887023926,7.319575786590576,41.65687371320592,50.31541144506389
25898,12.545101165771484,6.782882213592529,26.811411039736427,65.08702966068456
25902,16.1676025390625,6.637477874755859,46.609656425003784,42.42686328353045
25903,9.931804656982422,6.470907211303711,16.173324419187697,79.3581815142905
25904,16.131080627441406,7.239989757537842,46.85887136586811,45.14536527569586
25908,12.242730140686035,6.762298583984375,26.20731351824061,65.7180182028222
25913,9.778079986572266,6.3540778160095215,16.335852503944857,77.88182044680674
25918,16.529752731323242,6.839529037475586,48.313780647636094,41.89069675755736
25919,16.368640899658203,7.502840518951416,50.581543841725775,42.41930096858484
2592,12.77417278289795,6.583580493927002,26.732706142778085,63.705589374654124
25922,11.608850479125977,6.810827255249023,23.34799071699035,69.4222547941859
2593,14.16934871673584,7.431284427642822,38.08445147725056,54.532547200485546
25945,15.946510314941406,7.077333927154541,46.52580473095806,44.390015566659045
25947,15.910898208618164,7.084984302520752,46.332184671155936,44.55228520544192
2595,20.11553382873535,5.628183841705322,71.9585241328491,18.733617558818885
25959,15.936738967895508,7.076511859893799,46.445549663493736,44.42212048351504
25961,14.59002685546875,6.84896993637085,37.46886906915856,52.58200472551565
2597,12.003291130065918,6.159570217132568,21.81552321879201,69.63515011438409
25997,14.282931327819824,7.142237186431885,36.17600308270315,55.34897162949761
26,19.617666244506836,5.857089996337891,68.56331106503877,22.56008600168932
26002,14.226929664611816,6.84368371963501,36.12231404958678,54.7129476584022
26024,16.644474029541016,6.896333694458008,49.74589160514894,41.28797714879252
26026,16.60047149658203,6.501340389251709,48.41990064433623,40.04475923466627
26028,12.259307861328125,8.0949068069458,31.196043364023758,63.416572829038884
26042,17.234119415283203,6.8908491134643555,53.39568880079286,37.88280475718533
26045,12.756059646606445,7.0073065757751465,28.07929499003223,63.2953253963818
26047,12.735241889953613,7.3687238693237305,30.368731426878604,62.22423832844222
26048,12.641096115112305,6.921098232269287,26.941561793552747,64.07821427935706
26049,12.622370719909668,7.247364044189453,29.187032330305883,63.132076142402646
26050,14.388660430908203,6.771327018737793,35.674825134666406,54.67283815911884
26062,14.655030250549316,7.348057270050049,39.692432642395566,51.61640594653766
26065,14.691722869873047,7.108116149902344,38.7595787586825,51.88976025095228
26069,14.66356086730957,7.099539756774902,38.56837414880429,52.43006270549976
26074,14.976117134094238,7.227011203765869,40.46093946244662,50.52660853339075
26079,13.52120590209961,7.3685832023620605,34.050938869748734,59.20651526903443
26089,12.666927337646484,6.2653608322143555,23.25829773250082,67.71072954321393
26092,12.301774978637695,6.389726638793945,22.591498601357564,68.88362903699067
26118,13.94871997833252,7.226308822631836,34.189861448012174,57.36134522879579
26154,13.573408126831055,6.951231479644775,31.996379745629493,59.606773686466916
26157,14.187092781066895,6.875405311584473,35.61441359827399,55.56363462982608
26166,14.166065216064453,7.037138938903809,35.73977164605138,56.139391056137015
26168,13.965914726257324,7.211581230163574,35.70672281903946,56.24873597677767
26170,15.235506057739258,6.393692970275879,39.499957949371044,46.900868645849606
26175,12.284700393676758,7.054236888885498,26.362397820163487,65.51978940562509
26184,12.257197380065918,6.295009136199951,23.81396312409364,63.925143291209174
26198,15.302577018737793,6.3874897956848145,40.0289837570195,46.4235251494475
26209,13.857246398925781,7.346580505371094,36.12964613494568,56.24984944475224
26283,11.25423812866211,6.725234031677246,22.044274100943735,71.43704514863231
26465,9.860241889953613,6.451369762420654,16.92052274042709,77.81170987297043
26471,9.986454963684082,6.529567241668701,18.10805492060128,76.33479162566796
265,13.671021461486816,7.10578727722168,33.92785127944945,57.84126240747245
26503,9.806835174560547,6.4369916915893555,16.730716946748867,78.10215223637125
26505,7.699286460876465,5.06991720199585,8.17524875529326,88.1892400776965
26521,15.389810562133789,7.000529766082764,42.84862236628849,47.5773095623987
2658,15.0281400680542,7.451026916503906,41.69842340124097,49.79506488980476
26593,14.976194381713867,7.006595611572266,40.56714212649884,49.30726828436665
266,15.08399772644043,6.828370094299316,40.09220406360424,50.265017667844525
26600,15.39477825164795,6.7712788581848145,41.812465828321486,47.60114816839803
26601,15.750319480895996,7.064377784729004,44.4707530180751,45.48011294159497
2663,12.82371711730957,7.441615581512451,30.99435269243965,61.535251625107804
26636,13.036178588867188,6.955278396606445,30.094507449410717,60.98843673560152
26637,15.46260929107666,6.429244041442871,41.234369673041606,47.24125416533779
2665,12.119101524353027,6.872366428375244,25.687737781679836,64.8782232627711
26653,13.570796966552734,7.217162609100342,34.515535680849425,56.4229934685156
26668,15.876739501953125,6.523300647735596,44.77101468462803,43.712971237546746
2668,12.093183517456055,6.6816534996032715,24.751892214440502,66.24634904682641
26693,15.031641960144043,7.012067794799805,40.87833203785835,48.901513419596725
267,15.221583366394043,6.847171306610107,40.553306342780026,49.84298764663137
2670,13.342791557312012,7.3572235107421875,32.939193181191555,59.65748406765241
2671,16.88991355895996,6.670130252838135,49.99863084969468,39.082395465374184
26718,14.11263370513916,6.925159931182861,35.792298764818035,54.8070546298599
26721,14.779485702514648,6.606423377990723,36.629954601901424,52.39612385741332
26740,12.9464693069458,7.345041275024414,31.4458471217878,61.039955876945704
26741,14.120086669921875,6.932559967041016,35.856397831800265,54.764495729303555
2676,15.10036849975586,7.602422714233398,42.095245494095714,49.915320074580485
26768,10.541516304016113,6.699496746063232,20.15393422810254,73.81718720183194
2677,15.197823524475098,7.337367057800293,41.961902450861444,49.43884979373938
26770,10.155915260314941,6.193411827087402,16.558091101883246,77.67660990259947
2678,17.594539642333984,6.775981903076172,54.87559395839895,34.844646500609365
26790,13.197894096374512,7.399367332458496,32.086184306303686,60.93560440626972
26793,12.616971969604492,7.264061450958252,28.691123461403993,64.7699188658091
26798,12.535964965820312,7.208756923675537,28.06990038351142,65.33925082611736
268,14.186400413513184,7.027754306793213,36.09692548202189,54.94788952579468
26800,12.6004638671875,7.073919296264648,28.09917355371901,64.40367243749907
26837,16.16774559020996,7.082973957061768,48.961666972127844,41.75607280314672
26838,16.28041648864746,6.90568208694458,47.50385933697899,42.892278709542374
2684,15.656378746032715,6.883330821990967,43.87734758164201,45.996650584154075
26844,14.986498832702637,7.174200534820557,39.52027853373145,51.43288416831018
26846,15.375869750976562,7.214390754699707,41.68848853042841,49.5548339792605
26848,15.139151573181152,7.128494739532471,40.0547093016843,50.59507395682819
26849,15.392834663391113,7.211581707000732,41.755047989593464,49.41580433839988
2685,15.031880378723145,6.984433650970459,40.608858896950636,49.731594702927595
26857,14.963823318481445,7.097184658050537,39.4253113818839,51.066628960666904
26858,15.60382080078125,7.046960353851318,43.04319540427412,47.33450354131121
26870,15.42164421081543,7.151051044464111,42.64629597608873,48.437615789343674
26873,15.570293426513672,7.061206340789795,42.864155111056576,47.45735673088723
26880,16.13822364807129,7.058496952056885,48.66355061714573,41.91832964818495
26882,16.327747344970703,6.884321689605713,47.686190871150785,42.67677765051279
26892,15.347712516784668,7.194000720977783,41.43883549500793,49.771391247550625
26907,16.473163604736328,6.832575798034668,48.541156689661996,41.577034344633184
26908,16.23080062866211,6.909242630004883,47.23041423477006,43.11644723041424
26939,13.686115264892578,7.368917942047119,34.594066857183535,57.64932013953157
2695,14.964375495910645,6.962707042694092,40.169949787562764,50.30850442206179
26974,16.48002815246582,7.188278675079346,49.29383625353557,42.17050437555762
26976,15.085975646972656,7.567131519317627,42.30258666464386,49.58469240688766
26997,13.631000518798828,7.66318416595459,35.35266405679782,57.399144051489614
27,14.997644424438477,6.784351348876953,38.54243967348192,51.08370224417206
27001,14.900337219238281,6.752843379974365,37.834012729137186,51.80131698263515
27003,14.799131393432617,7.224979400634766,38.03300994893,53.16934386541554
27017,16.32416343688965,7.385390758514404,48.15851517431653,43.768246802106844
2702,14.585716247558594,7.290916919708252,38.248741176040284,53.19857109764572
27022,16.478439331054688,7.180970668792725,49.287017315975966,42.123761950697705
27025,15.114274024963379,7.538977146148682,42.39493713547469,49.515526554761884
27031,16.320297241210938,6.344837188720703,45.58219671956949,40.7723660541476
27033,14.518360137939453,8.017545700073242,42.99361551194136,49.538109876251276
2705,13.916467666625977,7.635460376739502,37.26980979904563,55.18768062369783
27054,16.65281867980957,6.76293420791626,50.44681056868829,39.84315126081683
27055,16.005374908447266,6.936880111694336,46.57905605827357,44.237599969962076
27057,16.71390724182129,6.771395206451416,50.797140049066314,39.565155414175216
27061,12.140274047851562,7.323835849761963,28.493826413267158,63.351137876770366
27079,16.79147720336914,6.348785877227783,49.835232733763554,37.077974583123556
27080,14.672943115234375,7.418066024780273,40.69372039933217,50.58502845071382
27083,15.331825256347656,7.304080963134766,43.52074087492075,48.09573408205778
27086,16.37116050720215,7.391544342041016,50.19847073079012,41.41561860193039
27094,12.705008506774902,6.668875217437744,26.45284769748289,65.8624289525577
27096,13.586993217468262,6.622638702392578,30.327678063414886,59.41783479025501
27104,12.913125991821289,6.731205463409424,27.470765213442327,64.5748183469573
27110,13.623933792114258,6.663160800933838,30.831161458467733,58.86512011973266
2712,10.252165794372559,5.812510013580322,14.552372026598832,78.33043245414379
27128,14.78019905090332,7.031444549560547,38.75340927322316,52.15519546499813
2713,12.62395191192627,7.244004249572754,30.54829134805301,62.265108632085365
27130,13.793083190917969,6.84754753112793,32.77932004182139,58.10169328574347
2734,11.428365707397461,6.548259735107422,21.305290042954994,72.20405557060485
2739,15.334115028381348,7.37531852722168,42.81132338585971,49.73736810300748
2740,17.069049835205078,7.075619220733643,53.414977733345445,38.446332818322276
2742,13.819270133972168,6.845511436462402,32.88110126610248,58.49923768698765
2743,14.664634704589844,7.0168986320495605,36.507586206896555,54.508505747126435
2745,17.98031234741211,6.916844367980957,58.58687204126334,33.71581996749806
2747,12.796955108642578,6.2345356941223145,26.26024082334762,63.24674188751859
2750,12.902318954467773,6.198707580566406,26.37613337233109,62.97747879496929
2751,13.155932426452637,6.263700008392334,27.911256517738476,61.381395416770125
2753,13.479209899902344,6.732755661010742,31.027676588827774,58.538815436192905
2754,15.140365600585938,7.044887542724609,39.98790207044391,52.027464422536106
2755,13.951018333435059,7.192453861236572,35.046221599845765,56.903812394086074
2758,11.783531188964844,6.26987886428833,21.82582800112681,67.48762525654955
27594,14.781797409057617,6.855167865753174,37.677923831719724,51.98044063034316
27633,13.130213737487793,7.281198024749756,32.04677034850721,60.05903053695084
27635,11.817593574523926,6.826879978179932,24.46146198276678,68.12091657986933
27680,13.384406089782715,6.552098751068115,30.938310119073776,59.392987389604116
27740,13.9749116897583,6.849684715270996,32.91399841801298,58.025333463359665
2797,14.108938217163086,7.065649509429932,35.577879351047265,56.24893264352805
2801,18.429901123046875,6.762591361999512,61.25393779193975,31.138429228373827
2802,18.533273696899414,6.767006874084473,61.86039793449608,30.65395587332539
2807,17.016016006469727,7.2711181640625,53.05903802417157,39.249666372197055
28082,14.101036071777344,6.920718193054199,34.065145952194904,56.424144464306735
28087,12.031758308410645,7.067310810089111,26.475636453333607,66.49125872329054
28089,13.908160209655762,7.523721218109131,35.78629969581446,56.72595406665516
28107,11.63951301574707,7.001557350158691,24.206165310397243,69.30969284668286
28109,13.914533615112305,7.500154495239258,35.6897343309881,56.829095782302794
2811,19.904193878173828,5.85292911529541,71.50784077201448,21.145958986731
28140,14.662443161010742,7.012792110443115,37.56928594717965,52.95658856956542
2815,18.8045711517334,6.219785213470459,63.438124017035115,27.206700948947677
2819,18.543243408203125,6.655988693237305,63.054695562435505,29.644234425071968
2820,18.480772018432617,6.5785746574401855,62.59469492586277,29.76388319340427
2821,19.539756774902344,6.031178951263428,68.76603263472735,23.182790663019297
28216,13.126136779785156,7.802019119262695,34.203252032520325,59.692218350754935
2822,17.584552764892578,6.416579723358154,56.71823559326571,33.6728138968443
28220,14.46472454071045,6.979033470153809,36.317242825684225,53.470353152271436
2834,13.540290832519531,5.815425872802734,23.990813018766445,63.35528324102743
2835,13.202311515808105,6.872868537902832,29.962512403983975,60.60954096071153
2838,13.487275123596191,7.471159934997559,33.75972945900991,58.58260046499233
2839,14.951205253601074,7.092896461486816,39.506019764169075,50.93675217914223
28393,15.761236190795898,7.092777729034424,44.613761458758425,46.11770794971583
28412,16.669410705566406,7.136377334594727,50.22236653088533,40.752110514198
28422,16.704816818237305,7.158720970153809,49.83106943391022,40.92355276248264
2844,15.199015617370605,6.548128604888916,40.759642208741084,47.22246822831334
28443,12.435766220092773,7.080362319946289,28.36747041289142,64.03063483162647
28450,10.57010555267334,6.5678629875183105,19.30909740520745,74.24262724606614
2846,15.510367393493652,7.179373741149902,44.85652310456395,46.73278751981069
28461,14.634674072265625,7.165844440460205,38.61772784019975,52.2187265917603
28484,14.566329956054688,7.183932304382324,38.311908998220744,52.592910977389494
28494,16.405391693115234,7.2266926765441895,48.272625609074204,42.821910695742474
28507,14.590789794921875,7.182665824890137,38.429961031620905,52.456594381810795
28530,12.437470436096191,7.047900199890137,28.34439399231575,63.99869398168537
28534,10.576818466186523,6.563784122467041,19.29893658920835,74.22289211379405
28553,12.288203239440918,6.9648542404174805,27.21690002456399,65.00003721816545
28554,10.58338737487793,6.565059661865234,19.323122604493324,74.18912572527988
28577,15.2770414352417,6.909555435180664,41.21455328990936,48.89545629762881
28611,16.43301773071289,7.544332027435303,50.71188660512473,42.031939838188386
28612,16.522842407226562,7.470950603485107,50.93622997212588,41.78883758537779
28624,16.43529510498047,6.8343586921691895,45.757301946794655,44.66362345541383
28631,16.882173538208008,6.769989490509033,48.68252268367599,42.03688230379062
28639,16.50394058227539,6.7715277671813965,45.73300573300573,44.453024453024454
28642,16.879613876342773,6.760104179382324,48.45879911324937,41.993302202726284
2865,17.4549617767334,6.6316986083984375,54.4810515534312,35.85481392966883
28660,16.464313507080078,7.455949783325195,50.43308265050324,42.336401391850934
28662,16.314523696899414,7.674797534942627,50.59208795064472,42.188824888161164
28669,16.429397583007812,7.468162536621094,50.30337026130043,42.44939933623148
2867,14.906511306762695,6.95448637008667,38.83881057364408,51.91902517430874
28672,16.537322998046875,7.411410808563232,50.707363586829615,42.05553825795906
2868,13.592368125915527,6.343759536743164,30.107226627945938,57.71808332402547
28685,16.646835327148438,6.881393909454346,47.69746369316066,43.2444453638959
28688,16.66670036315918,6.890841007232666,47.82680651233993,43.05426260369474
28701,16.406309127807617,7.597537040710449,50.83686248573227,41.86445921295457
28704,16.41924285888672,7.5616254806518555,50.76433392237433,41.93510613383295
28719,16.141576766967773,7.622881889343262,49.42777089756089,43.08011207434148
28722,14.240705490112305,7.475371837615967,37.960388377471226,53.89052362569626
28731,16.42314910888672,7.378404140472412,49.830726075219175,42.54095549634632
28739,16.48724365234375,7.554835796356201,51.93700150696512,40.61087220200684
28749,16.552383422851562,6.908079624176025,47.282047042288454,44.61369930966062
28751,16.508745193481445,6.945579528808594,47.22388800430116,44.809652805062136
28764,16.4697208404541,7.488859176635742,50.691435093992744,41.35175813408487
28768,16.355714797973633,7.50343656539917,50.072954506575975,42.42027833402095
2877,16.10125160217285,6.824915885925293,45.437429396259574,44.721978159909625
2878,16.044736862182617,6.815179347991943,45.15279323915395,44.81882751375845
2879,16.109600067138672,6.815366744995117,45.51601591370119,44.54106584057993
28802,16.400646209716797,7.605823993682861,50.81572413499143,41.972230214294086
28804,16.395946502685547,7.61670446395874,50.840008960095574,41.923647185569976
28814,16.537351608276367,7.401442527770996,50.56381618128033,42.155876868403844
28817,16.460268020629883,7.422134876251221,50.2856502744483,42.4610731488742
28820,13.784842491149902,7.371656894683838,34.65056440425275,56.61368960932058
28822,13.804085731506348,7.410808563232422,35.057964182054675,55.987549486813926
28847,12.208964347839355,6.381417274475098,23.240869093539054,67.21160800385728
28853,13.532344818115234,7.52363920211792,34.08555803789708,58.44108952226209
28867,11.610797882080078,6.802799701690674,23.981715917007936,68.2673735605816
28873,11.980958938598633,6.765421390533447,24.84489802780907,66.33432531342648
28884,13.337374687194824,7.4148430824279785,33.33044988455114,58.424439224662805
28892,13.190691947937012,7.430534839630127,32.017494149726986,59.93813044608748
28910,13.561616897583008,7.676831245422363,34.754523459476985,57.52752277647222
28911,13.433731079101562,7.742232799530029,34.47397758610573,58.17931115413953
2892,15.954760551452637,6.752823829650879,45.24560408394782,44.58763471355644
2893,16.217693328857422,6.818414688110352,46.30773422952904,43.90980516826377
28935,14.058414459228516,7.501469612121582,36.5110670333138,54.70010819095704
28937,14.208752632141113,7.433446884155273,36.95535325302841,53.83522968377814
2894,18.826271057128906,5.796477317810059,61.82080189878783,25.42454296290017
28949,15.585460662841797,7.038989067077637,44.28965745022176,45.8809096914221
28953,14.402947425842285,6.957456588745117,37.151035366540114,52.92166185611459
28955,16.613906860351562,6.463056564331055,48.02087914631606,39.62176801462929
2896,15.356539726257324,7.010798931121826,42.83151587988901,47.88356515438045
28975,14.44518756866455,7.051108360290527,37.72338240328655,52.776446422458065
28978,15.530557632446289,7.185062885284424,43.89078817964689,46.86109680138622
2898,15.336992263793945,6.66626501083374,43.18282211232856,47.01832638417531
28987,15.398655891418457,7.2291741371154785,44.23885816910062,47.09934306914316
2900,18.817157745361328,5.87446403503418,64.98510299755455,25.514987772711255
29010,15.185007095336914,7.426215648651123,42.429337817279205,48.82696773160381
29013,16.93526268005371,7.025162220001221,52.24755388627066,38.78256501040645
29034,16.773555755615234,7.137415885925293,52.071355205836866,39.176888658016836
29045,14.560516357421875,6.960926532745361,37.82495618881782,52.4394735960888
2905,18.596200942993164,5.905265808105469,62.420714404940746,26.61283592054749
29068,12.769728660583496,6.052251815795898,24.131209739623507,63.250224103066564
29073,14.840594291687012,6.314489364624023,37.583139341536416,48.83604921849019
29076,13.968842506408691,6.722510814666748,35.385172637881254,54.19369959623723
29084,14.309863090515137,6.502448081970215,35.51890627666302,50.95510072975116
29086,14.307126998901367,6.426223278045654,34.80981558178481,51.449573300975736
29090,12.556126594543457,6.670575141906738,27.792055850706767,62.76395788181591
29105,13.707124710083008,6.549286842346191,30.052315959926684,54.55006495008631
29107,14.510502815246582,5.861415386199951,30.682312423997654,50.77977294716006
29109,14.832345962524414,5.8080902099609375,32.51632533228946,48.19131332182701
2911,15.285473823547363,6.563362121582031,42.277438015646844,47.73035338819335
29120,14.482290267944336,5.987806797027588,31.372962274005996,50.29735450705128
29123,13.655449867248535,6.520620822906494,29.273535815772966,54.756984167989074
29126,14.525796890258789,5.892037391662598,31.373268507476375,50.250435739840384
29132,12.126977920532227,6.835914134979248,27.021764361697027,63.865788034876694
29135,15.950663566589355,5.943808078765869,42.791708491292354,40.99560475972361
29137,15.2481689453125,6.273388862609863,39.50565688528015,45.12970536433924
2914,11.197052001953125,6.225681304931641,19.154254874069114,73.21458455359384
29156,14.880903244018555,6.478938579559326,38.6798912927179,48.0237957672637
29158,13.07019329071045,6.102006912231445,26.314300977280585,61.70798898071625
29159,15.060850143432617,6.463691234588623,39.88781881680601,46.9446502275373
2916,14.321368217468262,6.834374904632568,34.453919486090165,57.027778632925944
29179,13.155759811401367,6.0200700759887695,26.84489962615061,59.46509168211283
29182,13.716902732849121,6.432610988616943,31.592249368155013,55.856149957877
29184,14.90652084350586,6.6450300216674805,39.885825413255546,47.50896563261295
29192,15.757763862609863,6.922987461090088,45.38279479310829,44.07906612912931
29196,12.601320266723633,6.594324111938477,27.120845950309015,62.68209042192441
29206,15.112995147705078,6.371166706085205,39.13704010954413,45.97355348772126
29211,13.043639183044434,6.2987380027771,25.89191035065332,62.331278419813444
29216,12.077620506286621,6.188163757324219,20.878313197666408,67.6742156277275
29219,13.260014533996582,6.411517143249512,27.55070147081149,60.778360228257085
2923,13.074377059936523,6.517864227294922,27.509153564505706,61.321702921961375
29230,14.212481498718262,6.61473274230957,35.35975526052596,52.50524581805346
29231,14.34003734588623,6.523453235626221,35.55719901911175,52.16807442294967
29235,14.350285530090332,6.548746109008789,35.96277357720878,50.66170820328435
29254,15.022974014282227,6.382913589477539,38.994898721478734,47.289278777400696
29255,13.028249740600586,6.068136692047119,25.766118889913642,62.35432212626814
29257,15.321864128112793,6.545132160186768,41.5552158960642,45.88481297499257
29262,7.9284348487854,5.0786285400390625,8.082243791314168,87.80069899434379
29270,7.4645466804504395,4.954840660095215,7.56017560680224,89.07604581924609
29284,7.858680248260498,5.172122955322266,8.350589320588437,87.42063063681952
29291,15.499307632446289,6.970500469207764,42.43939887405202,48.16335551109663
29292,15.476637840270996,7.164661407470703,43.743186235009716,47.503199507038914
29300,7.194057941436768,4.658676624298096,6.481293621165395,90.60724720012985
29311,14.15252685546875,7.0066657066345215,36.27177163969036,53.80453905700211
29314,12.71840763092041,7.167464733123779,29.067177091443895,63.691712085820576
29321,7.84911584854126,5.171281814575195,8.368312411729267,87.3788900850362
29336,15.595523834228516,6.793499946594238,44.194420451613624,44.472612651014614
29338,15.11584186553955,7.164940357208252,40.485671987789345,50.105007057851424
29341,16.13062858581543,7.013496398925781,47.19060961407636,43.875609671728526
29342,15.387206077575684,7.0362348556518555,42.071871762336585,48.731709020639556
29355,13.982026100158691,7.531421661376953,36.950065929025975,55.58332855586768
29356,15.892735481262207,6.954085826873779,47.39279491935031,43.804867082560556
29378,13.594240188598633,7.394303798675537,34.000170892700744,58.689893832909654
29380,14.514646530151367,6.924051761627197,37.36304267644442,53.142695971013865
29387,7.637897968292236,5.086899280548096,7.86236542631791,87.90324128269589
29399,7.776350975036621,5.078062534332275,7.983276728435521,87.94414983415759
29421,7.182549953460693,4.698556423187256,6.585819956725206,90.51980073466513
29424,13.154447555541992,7.359057903289795,31.522643671229574,61.24102997045166
29425,14.282488822937012,7.412873268127441,37.965353387959745,54.562801661241444
29426,15.006915092468262,7.458287715911865,41.9121720300146,50.37014654781689
29443,12.377572059631348,6.4035444259643555,23.74455514945176,65.51970159715617
29444,12.257164001464844,6.977083683013916,26.830882639222352,64.39463745733455
29445,15.254380226135254,6.999816417694092,42.1973713898917,48.092001353790614
29449,14.415604591369629,7.491461753845215,38.83150102068423,53.36210925010453
29452,16.53387451171875,7.1373090744018555,49.66855218376083,41.575058996525435
29458,17.008920669555664,6.556149959564209,51.826531032494536,37.52316626168609
29463,16.24862289428711,7.590238094329834,49.41076727426876,43.363410646157575
29469,16.579317092895508,7.34883451461792,51.10774911533925,41.07005487460895
29471,13.17603874206543,6.872692108154297,29.853493019711586,58.776760168504595
29474,15.778373718261719,6.9363179206848145,45.199841507215254,44.59015555299922
29476,16.50168800354004,7.304713726043701,50.48735543001237,41.29428024149553
29478,17.319480895996094,7.230894088745117,55.97109856001629,36.22093319086145
29507,12.3077974319458,6.801536560058594,26.148924157832003,65.6533467160153
29508,12.717155456542969,7.3128132820129395,29.230053889074348,64.01712051123086
29509,12.299540519714355,7.075488567352295,26.92688800531815,66.19463920629147
29525,13.90224552154541,7.41202974319458,35.95001602050625,56.288664875656224
29527,10.957520484924316,6.274300575256348,19.17748417498042,73.0197860893905
29529,12.373887062072754,7.144656658172607,28.587244779731712,64.0902185947115
29545,14.652559280395508,7.543338298797607,41.21844968367593,50.36448414001444
29547,16.546640396118164,7.346802234649658,51.85964485526636,40.27243979567015
29561,13.262550354003906,7.294325351715088,32.02603036876356,60.081344902386114
29562,15.130047798156738,6.967650890350342,40.75747085995755,48.86220476909283
29576,12.439956665039062,6.964118957519531,27.499380114059015,64.28093230845523
2962,13.294354438781738,7.28425407409668,32.92176104676104,59.490293865293864
2963,14.875843048095703,6.86882209777832,39.42788717402873,50.321979776476844
2964,13.027162551879883,7.0742878913879395,30.64095185834549,60.94596945808852
29648,11.793448448181152,6.6236677169799805,23.644802348414228,68.84979272864311
2966,13.753596305847168,6.178875923156738,29.18892538219039,58.86853178214818
29660,8.692099571228027,5.61602783203125,11.139098796529527,84.17762851012222
29661,7.78944730758667,4.857639312744141,7.306124554976523,89.18838037252979
29662,10.922839164733887,7.1562371253967285,22.48176065137652,72.3991293482204
29667,15.861519813537598,6.661128520965576,43.90712919967222,44.73094782846217
29669,15.774808883666992,6.671812534332275,43.65638147150752,45.04071899029882
2967,16.119735717773438,6.932286739349365,46.867497048562754,43.584437635136034
29674,9.676126480102539,5.961358547210693,14.175686040565877,79.99829555138912
29676,10.868753433227539,6.8951287269592285,21.89533594191375,72.01460526040468
2968,15.914571762084961,7.263893127441406,46.46006991126647,45.09545576767948
29681,11.950761795043945,6.6784348487854,23.83153624426177,68.8448809650902
29682,12.298973083496094,6.93413782119751,27.03146265311024,65.82839644544072
29683,12.864263534545898,6.849543571472168,28.524117301426205,62.95710699214786
29686,13.401311874389648,7.596081733703613,35.23183169996607,58.40502185585118
29691,10.68425178527832,7.200892925262451,22.515375876522896,72.93062247816037
2970,13.9252347946167,6.651389122009277,32.246806894259535,57.05094724846873
29705,12.545121192932129,6.488885402679443,25.822000861835708,65.69893873951517
2971,9.932344436645508,5.911548614501953,14.30736518277235,78.59889612739775
29715,14.547393798828125,6.795471668243408,38.602382347973816,50.713810266548776
29719,13.314244270324707,7.235100746154785,31.979212877875657,60.942814289033954
2972,11.021923065185547,6.248879432678223,19.116689494128476,74.03058131441273
29722,13.55305290222168,7.211839199066162,33.023365437151156,59.464555456756266
29723,14.340786933898926,6.789620876312256,37.22885434999258,52.16810500201438
29729,13.51179027557373,7.183115482330322,33.82009970687036,58.55104093116803
29730,13.045859336853027,7.259818077087402,32.01800337830614,60.89396822681691
29740,16.606826782226562,6.650837421417236,49.75754932396028,38.937065448854455
29741,16.61178970336914,6.6437764167785645,49.63407287781495,38.92926263441894
29743,16.60807228088379,6.648126602172852,49.578427844326775,38.88103439411855
29744,14.631489753723145,6.674750804901123,34.437540764134425,54.44486400512627
29745,15.62250804901123,6.739802360534668,40.816533176723134,47.88424346135542
29746,15.663329124450684,6.726958751678467,41.083990946351015,47.658082013009526
29747,15.615012168884277,6.742949485778809,40.8159739863835,47.91891067980896
29748,15.8126802444458,6.841531276702881,43.50083409934293,46.069519626868214
29749,15.784857749938965,6.826737880706787,43.063628151153075,46.31236257648844
2975,10.773286819458008,6.234604835510254,17.91307447258794,72.54784022811825
29750,15.800542831420898,6.8375749588012695,43.29989952829386,46.198252814059224
29752,15.71010971069336,7.047714710235596,43.82940229609823,46.24921844860385
29753,15.493244171142578,7.121800422668457,42.64941729926227,47.77477814604939
29754,15.705223083496094,7.048816204071045,43.83632803654914,46.120649466547675
29755,15.735066413879395,7.06875467300415,43.97888398127147,46.10374968498402
29758,15.089277267456055,7.0487751960754395,40.313079247391,49.593733336718884
2976,12.502969741821289,6.5818328857421875,25.435386753126448,63.7308939323761
29762,15.138354301452637,7.0206146240234375,40.47086910143749,49.39681007771626
29763,15.430764198303223,6.7969651222229,42.208458410913096,46.78978100340718
29764,15.727938652038574,7.06737756729126,43.964649141403434,46.1813652745389
29765,15.749799728393555,7.031789302825928,43.95245092199145,46.16311239956051
29767,14.989962577819824,7.132540702819824,39.448285030576976,51.1220420101037
29769,16.821758270263672,6.484111309051514,50.06533834485174,38.78942192404586
2977,15.683080673217773,6.1494951248168945,42.573224183112636,44.625588460378935
29770,16.791885375976562,6.469897270202637,49.89699605488158,38.982617242725766
29771,16.797391891479492,6.471634864807129,49.93724611668174,38.85882400572208
29772,15.785148620605469,6.6944475173950195,41.94192671898128,46.81651357544052
29773,15.770747184753418,6.714117050170898,41.84464836771154,46.820691895403606
29774,15.373489379882812,6.7266411781311035,39.482300204355184,49.233118723768925
29775,15.659822463989258,6.698452949523926,40.89982660542086,47.78693760837161
29776,15.135638236999512,7.039827346801758,40.54662461209747,49.407335809126515
29777,15.098069190979004,7.033721446990967,40.1854162952398,49.70837684333851
29778,15.090967178344727,7.028763294219971,40.13764098642707,49.7533932326515
29779,15.126077651977539,7.048310279846191,40.48044293623862,49.31492868624499
29786,16.551931381225586,6.905816555023193,48.340360180235,41.59603598904681
29787,16.308349609375,6.894497871398926,46.50198447959244,43.230555061903914
29788,16.506935119628906,6.875332832336426,48.135936370209684,41.71221981200289
29793,19.06194496154785,5.24200439453125,65.62675765870486,22.389290937043008
29794,13.48952579498291,5.748964786529541,25.868742111905764,63.98822044594026
2980,10.729275703430176,6.068636417388916,16.972670924117207,75.54470323065364
29804,15.681992530822754,7.168143272399902,44.64920441804433,45.84913762255779
29805,17.26400375366211,6.891366958618164,53.76778139012098,37.25238998803495
29807,16.656354904174805,6.755330562591553,49.41162956912395,40.52736369205636
29808,17.3537540435791,6.91409158706665,54.4648122961376,36.73073914037769
2981,10.02510929107666,5.698012828826904,13.245850157021085,79.81606101390759
29810,16.63536834716797,7.406381130218506,51.457109452808126,40.918866644534575
29812,16.757854461669922,6.733523845672607,49.712746090353114,39.937559696066835
29814,17.893369674682617,7.04136848449707,57.79373709766522,34.424156078271736
29816,16.973995208740234,6.672823905944824,51.21731289449954,37.78321668312651
29817,16.863481521606445,6.634683132171631,50.06064584254912,38.67635097532784
2982,9.597039222717285,5.620834827423096,12.339401030533493,81.88466125149067
29820,17.188846588134766,6.758005142211914,53.13087490961678,37.12701855868884
29821,15.988947868347168,7.115597724914551,46.19120500367563,44.26059605442341
29822,17.25670051574707,6.741713523864746,53.5528199944647,36.632853206262105
2985,10.87254810333252,6.209831714630127,18.449460255152108,72.72080471050049
29851,13.261635780334473,5.676529407501221,24.451286125732448,65.46330320786574
29852,17.409095764160156,6.539315700531006,54.39116610810346,36.02302999054739
29854,13.197457313537598,5.677677154541016,24.28798253448447,65.71896397737422
29855,17.715065002441406,6.42069149017334,56.547619047619044,33.639579020013805
29857,13.26140022277832,5.691315650939941,24.693999402925666,65.32988357050453
29859,17.572399139404297,6.439759254455566,55.46756674888571,34.78298498420529
2986,15.929312705993652,7.012942790985107,45.82814115650768,44.77026274624175
2987,10.390647888183594,6.183485984802246,16.73409419981262,75.1511796269483
2988,10.185577392578125,5.90362024307251,14.238235356379263,77.58419949617901
2989,14.388287544250488,7.3537797927856445,37.78059305594046,54.29615846496958
2991,14.426737785339355,7.52731990814209,38.57287729326081,53.95040103254356
2992,11.486496925354004,6.256410121917725,21.39871040884291,70.67006778620186
2994,11.35958194732666,6.225362300872803,20.487199729333483,71.48979361678133
2995,9.105504035949707,5.835639476776123,12.618380685607578,82.39073407140634
3002,16.906402587890625,6.930358409881592,52.44820784429115,38.677651725678665
3005,14.207032203674316,7.383909225463867,38.33791929422597,54.071155555079706
3024,13.724409103393555,7.095192909240723,33.97570323233784,57.25166919757997
3025,15.269204139709473,6.949177265167236,42.196625131200044,48.277578921872056
3026,15.211652755737305,7.042272090911865,41.70081850897408,49.209304437658226
3032,15.377714157104492,7.124131679534912,43.027126391096985,47.862430445151034
3033,15.310981750488281,7.04484224319458,42.425815473605034,48.15611327111121
30373,18.241132736206055,6.303791522979736,63.478016403662096,28.97532116708022
3039,9.236884117126465,6.292442798614502,14.819228709159079,80.58516336368506
30405,16.732250213623047,6.843531131744385,49.33521828402168,41.18112356524959
3043,10.849441528320312,6.268256187438965,18.216639721427683,75.3475935828877
30453,15.69022274017334,6.840914726257324,44.534247845027345,45.57419594030957
3047,10.932567596435547,6.474766254425049,19.409586370238546,73.79908663848941
30475,18.09438705444336,6.094796180725098,58.229880307100515,30.504999125749073
3050,10.92668342590332,6.255645751953125,18.354010440791697,75.17244832809624
30507,10.785905838012695,6.419297695159912,18.136480758041724,76.54577526574867
30510,12.800285339355469,7.0908989906311035,28.906366076646496,61.66288617926444
3053,11.43941593170166,7.336616039276123,25.185618566035632,68.86344324181259
3057,10.153006553649902,7.503691673278809,22.187131340935903,73.96898348407393
30602,16.128448486328125,7.245476245880127,46.993530662885505,43.58161999291031
30665,14.522961616516113,7.46005916595459,38.118220008994285,53.31088418212331
3083,9.957587242126465,5.9457902908325195,14.985258300217922,79.33277784899371
3084,10.89247989654541,6.268120765686035,18.98415586384656,74.39011447198848
3086,10.144049644470215,6.782634735107422,18.46230158730159,75.4348544973545
3089,8.618328094482422,5.314682960510254,9.915942441943297,85.50600750344304
3090,9.633167266845703,5.793912410736084,13.313098975115897,81.05315676776917
3091,14.922218322753906,6.481952667236328,36.953188987126445,51.15819980259151
3092,14.386637687683105,6.837888717651367,36.358780324949926,53.62786556866236
3093,9.594698905944824,5.580544471740723,12.41354126390858,81.21751084761783
3094,12.623916625976562,5.873239517211914,20.91010220399082,62.54953764861294
3096,10.88778018951416,6.915410041809082,21.67266813799512,72.17795330468115
3098,15.755287170410156,7.362165451049805,45.45928202990674,46.47875093350006
3099,17.21405601501465,6.395690441131592,52.33557678895243,35.9368461431162
3100,15.96402359008789,7.166728973388672,46.438307248800285,44.658114075196615
3103,18.2612247467041,5.887477397918701,58.358417404731135,27.545346507169562
3104,15.370647430419922,7.346414566040039,43.19124729471947,48.6180614366002
3105,18.69626808166504,5.736068248748779,62.102240591690226,25.07896454209267
3107,12.05065631866455,7.312417507171631,27.84954111285975,65.54840519189118
3108,12.147066116333008,7.093125820159912,26.632522407170296,66.37206833015833
3110,10.925591468811035,5.40950870513916,14.158628935831008,78.35950577919489
3114,16.014554977416992,6.847893714904785,45.76865500546198,44.41597324306464
3115,14.284459114074707,5.929276943206787,30.92268318965517,55.77586206896552
3116,16.158063888549805,6.939288139343262,46.83246285822531,43.82729413038184
3117,15.8118314743042,6.639779567718506,42.37892899277747,46.51486231140355
3127,15.121888160705566,7.6114888191223145,42.761195412521076,48.85683582532007
3128,17.076168060302734,6.5978617668151855,52.022219506922454,36.93194101115675
3138,17.06064796447754,6.319072723388672,50.61111266255225,37.3183650292757
3140,14.059803009033203,6.627775192260742,32.344106463878326,57.52756653992396
3150,17.215194702148438,6.546994209289551,53.07668092513379,36.03688683962002
3163,15.292505264282227,6.711625576019287,41.43487653363928,47.59940876719691
3168,14.097478866577148,6.957119464874268,35.76627934747619,55.174812830337586
3169,16.82079315185547,6.704648971557617,50.78714389059217,39.0919425402184
3170,14.716185569763184,6.6964921951293945,37.818666892521385,52.077157618361994
3171,12.961488723754883,6.558133125305176,28.350478382850152,61.6769605475454
3172,18.810802459716797,5.556303977966309,62.264935827633884,25.698310351999805
3179,8.556657791137695,5.740116596221924,11.221249020864487,85.08438367870113
3180,11.288865089416504,7.316068649291992,23.701563115723108,71.21239984237488
3181,12.12553596496582,7.104666709899902,25.804712565087044,67.71945510966181
3182,11.538925170898438,7.024270534515381,23.32256089748153,70.62114719323472
3189,15.132105827331543,6.24287748336792,37.251241631232645,48.8874292759936
3195,15.06128215789795,6.2206315994262695,36.582169339541295,49.33724205322757
3203,13.762870788574219,6.563191890716553,31.55846517548645,57.31345093047221
3205,16.870872497558594,6.432480335235596,50.02795604823026,37.34684947491249
3209,15.434091567993164,6.672549247741699,42.47191011235955,47.113223854796885
3211,13.927639961242676,7.833585739135742,37.719384797543135,54.60168477657593
3217,12.902074813842773,6.599343299865723,27.26533505692006,62.28264042366873
3219,14.627632141113281,7.506470680236816,40.202207587422315,51.5641715363448
322,17.843395233154297,7.19558572769165,58.49405306495883,34.417200365965236
3220,11.391522407531738,7.262146472930908,24.282634937058116,69.83445421624418
3223,11.009807586669922,7.081166744232178,23.03153540672767,70.83257297287902
3226,8.017877578735352,5.526769638061523,9.94899705620593,86.48079687820908
3229,12.295329093933105,6.173427581787109,23.938316322741937,65.8932829478791
323,13.143976211547852,6.4721150398254395,28.2281425891182,61.54896810506567
3230,9.351271629333496,6.0156097412109375,14.313179643323185,80.20791648542844
3231,13.425971984863281,7.33376407623291,33.48640241192719,57.22401819401723
3232,10.147964477539062,6.5812530517578125,17.149703331811956,76.83091668714673
3233,10.297789573669434,6.677609920501709,18.61716664214089,76.19878492295402
3234,9.726608276367188,5.786469459533691,13.130810662458403,80.79693986071564
3235,8.75706672668457,5.552574157714844,10.714748322582317,84.68001692529555
3236,8.544154167175293,6.1582746505737305,13.556980410216443,82.79163271812675
3237,9.259427070617676,5.7101664543151855,11.942350219004277,82.71018860836229
3238,9.489067077636719,6.021618843078613,14.656360476960872,79.72402694674851
3240,13.531682968139648,6.688588619232178,29.376119766994663,60.35157166039753
3241,10.662331581115723,6.729506969451904,19.232113110957624,74.91488237923049
3242,10.13107681274414,6.241537570953369,16.118542303187176,77.9846497874397
3243,9.913877487182617,6.4622392654418945,16.94893173527879,77.84979155810318
3244,7.895076751708984,5.305335521697998,9.00293591825354,87.167248929784
3245,9.97109603881836,6.443339824676514,17.232899171144915,76.52294876996581
3247,10.110068321228027,6.787199974060059,18.348526718123008,77.3052123368167
3248,11.239335060119629,6.533364295959473,21.658523297979198,70.26251723726996
3250,11.239981651306152,6.563262462615967,21.76257916734331,70.18094171745058
3251,8.927021980285645,6.416298866271973,14.492469507257741,81.74271029550899
3254,12.324790954589844,6.23641300201416,23.131014674567936,66.64795893101798
3255,7.597047328948975,5.119837760925293,8.054534991810899,88.94249922535523
3256,8.714945793151855,5.628812313079834,10.572891187364595,84.59361241176882
3258,9.820850372314453,6.364409923553467,16.627450294341468,77.79449454615431
3268,13.0074462890625,6.610345363616943,28.333619920246957,60.27004675460791
3269,12.110452651977539,7.74686336517334,30.36620739666425,63.346455333402396
3270,9.444059371948242,6.282820224761963,15.170300021584287,80.3652061299374
3271,7.786460876464844,4.897566318511963,7.2279369639757505,89.34834842538201
3272,11.779794692993164,6.455342769622803,21.778787718649262,69.92231675738519
3273,11.953712463378906,7.653541564941406,29.188181547671142,64.34335124538342
3274,10.94357967376709,6.203001499176025,19.647576318954847,73.29429221138398
3275,8.797633171081543,5.440271854400635,10.20323845355931,84.95578332952408
3276,10.467082023620605,6.504217147827148,18.351750743780038,76.77853336384739
3277,12.844274520874023,6.918266773223877,29.28768430673169,62.938878509208266
3278,11.402820587158203,7.117567539215088,23.989485933774404,69.63046149589447
3279,10.879610061645508,7.113126277923584,22.667940146450174,70.06031819785402
3281,11.66652774810791,7.08685302734375,24.06062135145246,70.16956230479455
3282,11.316519737243652,6.110010623931885,19.032813711135994,73.17802084230472
3283,9.223581314086914,6.4081926345825195,15.28589549083493,80.30442460268112
3287,11.319375991821289,6.324185848236084,19.83046493706653,73.10435091066995
329,10.310622215270996,6.472867488861084,17.839814421306134,75.75701232469189
3291,12.538869857788086,6.064587593078613,24.528661380173837,66.03277141664701
3292,13.291581153869629,6.549201011657715,30.184740983882506,59.36371670243656
3299,11.529794692993164,6.521296977996826,22.85120043405525,69.42442465072116
3300,12.703889846801758,7.472745895385742,30.323698632475715,63.14172058798423
3301,11.163128852844238,6.107889175415039,19.19082557235058,72.0278764689806
3302,12.546010971069336,6.434832572937012,26.616116288237812,64.06253931773765
3304,12.458154678344727,7.02260684967041,28.03630011503558,64.14724553704572
3315,13.142578125,6.771960735321045,29.975272543498665,60.61475705725219
3316,13.011073112487793,6.347020149230957,28.03387514445016,61.72344858417754
3322,17.16442108154297,6.7916741371154785,53.80111395558016,36.2779353767384
3323,12.959732055664062,6.668922424316406,27.008913498548182,62.502532243905726
3324,12.418744087219238,7.186385154724121,28.32227665908718,64.46470850230901
3339,11.413444519042969,6.1647114753723145,20.090158418168418,71.75285483853739
3340,15.973264694213867,7.293651580810547,45.733771154331905,45.93988380904268
3341,12.652207374572754,6.627262592315674,27.699220441749677,62.92659159809442
3342,13.274874687194824,7.114500999450684,30.476487561413084,61.963854012321605
3348,12.385639190673828,6.698971271514893,24.69959524411839,67.18789526941563
335,14.827013969421387,6.623547554016113,38.15072693820124,51.056435417343096
3350,10.278240203857422,6.064087390899658,15.967200975694748,77.35429915497866
3352,16.014984130859375,7.257918357849121,45.81474678562058,45.82181135579194
3353,13.307886123657227,7.2776360511779785,31.770188675183782,60.606386757219276
3354,13.600470542907715,7.068539619445801,31.906504383218536,60.062813087038194
3358,12.396713256835938,6.609741687774658,24.444198125158348,67.45312895870282
3360,12.525020599365234,6.621399402618408,27.096332369502356,63.52262104050265
3361,15.953503608703613,7.2965569496154785,45.61580573141267,46.04907687759325
3363,13.285296440124512,7.132229328155518,30.594727161250766,61.86190937679239
3367,12.407937049865723,6.61508846282959,24.551590822664473,67.12194194447966
3369,10.253130912780762,6.0679144859313965,15.922865614371675,77.4287084677771
3371,13.72299575805664,6.345412731170654,29.409828755852345,60.19130933296529
3372,13.582016944885254,6.868259429931641,31.67965190873761,59.25733092842931
338,15.223565101623535,7.744242191314697,44.34246632296691,48.41905039081989
341,16.264671325683594,6.563900947570801,46.135048872930376,42.22895471773389
343,14.574143409729004,7.649628639221191,39.36061830317934,54.318168511036944
3448,15.716231346130371,7.142329692840576,44.03302799638757,47.3369027652346
3450,16.628095626831055,5.822977542877197,45.592784913910904,39.04345449576387
3451,15.01335334777832,6.383942127227783,36.35584881634543,50.60369277073566
3456,9.588454246520996,5.975612640380859,13.615917826152632,81.70977324986153
3457,17.305448532104492,7.003299713134766,54.55556398008441,37.29875906689919
3460,17.19999885559082,7.264127731323242,53.1158136730233,39.13281073339866
3464,8.692741394042969,6.197824954986572,14.32558969099746,81.58648058144202
3488,15.534825325012207,6.979486465454102,42.80865590237586,47.69967236271606
3490,14.835807800292969,6.868896961212158,38.246667844453604,52.20344306381642
3492,13.207127571105957,6.9511494636535645,30.482213651932362,61.048032579087895
3493,15.614240646362305,6.6303534507751465,42.75143262709637,44.19194574417749
3494,16.366722106933594,6.573611259460449,48.180571669655095,41.672819322856235
3495,15.416864395141602,7.067641735076904,42.456672276680756,48.602849544561074
3496,17.6153507232666,6.296040058135986,57.32537937608585,32.2873264556203
3502,18.187253952026367,6.634143829345703,58.822883043747,32.084334867110776
3503,18.43952178955078,6.560190677642822,60.17032508684338,30.667231096779012
3506,17.833892822265625,6.76429557800293,57.747734363393256,33.26730385116955
3508,14.053939819335938,6.84727668762207,34.766339792614836,55.978745366677614
3509,13.927827835083008,6.727274417877197,33.2577786935916,56.07985896467248
3510,14.16598129272461,6.71860933303833,33.38768953683647,57.11052157616764
3511,12.57630443572998,7.528962135314941,30.303641908862577,62.14343379978472
3512,16.438947677612305,6.9617228507995605,48.56537516622715,41.07782811549124
3513,13.769905090332031,7.352630615234375,34.34112002125151,58.05980309143133
3514,15.594586372375488,7.296087265014648,43.976814097560165,47.713796940656714
3515,13.85749626159668,7.252484321594238,35.32408103278387,56.66616563956111
3516,13.968366622924805,7.118304252624512,35.72773940983122,55.646858957787046
3517,14.794023513793945,6.967458248138428,39.70807409335005,50.237751650067416
3545,15.082219123840332,7.038717746734619,40.998677070115285,50.13904263074057
3546,14.85404109954834,7.050490379333496,39.932595219403915,51.21951219512195
3547,15.517844200134277,6.946236610412598,43.28965668691897,47.43137398433497
3548,10.639959335327148,6.624817371368408,20.562616021704983,73.38283592745965
3549,11.785102844238281,6.180434226989746,21.794372294372295,68.85714285714286
3562,12.333392143249512,6.772068023681641,24.81530363021284,65.48491330268966
3564,11.51225471496582,5.664671897888184,16.34077141323518,75.27221838816041
3566,13.13679313659668,6.739921569824219,29.169047254079516,61.79540418890483
3567,11.672316551208496,7.157728672027588,24.81159682285017,68.94030980600404
3568,13.833113670349121,7.14875602722168,34.6116014971322,57.03664908089879
3569,14.076789855957031,7.215767860412598,36.05791864415406,55.71488554960366
3570,13.564382553100586,6.609243869781494,29.58080017726322,58.62427121272972
3571,13.767661094665527,6.935845375061035,33.18290115597463,57.733180379946305
3572,12.279399871826172,6.760644435882568,26.12593568923926,65.7444480366069
3573,15.410460472106934,7.115202903747559,42.499660506401,48.66856783082108
3574,14.394915580749512,6.645649433135986,34.526847560022915,55.846049684912245
3575,14.707828521728516,7.016695499420166,38.71848865892545,51.80073401119066
3576,14.765978813171387,6.9335618019104,38.08677269014558,52.702637774467874
3577,14.947752952575684,6.863948822021484,38.85595874897596,51.037299407257485
3585,17.172584533691406,5.812225818634033,51.309795655483335,33.47151472568651
3588,15.839339256286621,7.1954545974731445,45.723278768679144,45.71309246111377
3590,14.674681663513184,7.305690288543701,40.22803990698372,51.57902632960768
3592,15.721789360046387,7.2832818031311035,45.370990263777045,46.202107920962526
3594,16.072948455810547,7.1639533042907715,46.80264943588082,44.456035163766735
3596,14.091535568237305,7.456222057342529,37.24028906955736,54.33211578492596
3599,14.282241821289062,6.99402379989624,36.17120312084405,54.63361113573898
3602,16.065671920776367,6.880192756652832,45.65946215849918,44.651900991511525
3603,15.880938529968262,7.299388408660889,46.05597715537474,45.49268502581756
3606,15.66340160369873,6.867527484893799,42.9466051417271,45.88002636783124
3607,16.671293258666992,6.68364143371582,49.05211421438602,40.48408488063661
3608,15.030844688415527,6.862139701843262,41.65527648081528,48.13838802444972
3609,16.021259307861328,6.665736675262451,46.065199111705226,42.84620857678791
3612,16.866680145263672,7.336127281188965,52.47610953338446,39.15134429219958
3613,14.391191482543945,7.348570823669434,38.931890950915474,52.97335944542883
3616,16.273082733154297,6.343395709991455,47.23386821440765,41.21543188801639
3617,14.179611206054688,6.789520263671875,36.26770265057585,53.55155122058742
3626,11.394523620605469,6.569792747497559,22.23577280840826,69.9790458662705
3630,10.969568252563477,6.69636344909668,20.926758007038668,72.6997056154408
3631,12.208671569824219,7.018022060394287,27.378679676636263,64.11652407551439
3632,14.167314529418945,7.118628025054932,36.57041294981833,55.71279120780229
3642,14.480757713317871,6.233490943908691,33.3866989745143,55.42057894509108
3643,14.24749755859375,6.269925117492676,32.60554389457512,56.292601648886674
3644,13.112278938293457,6.81033992767334,29.299727428744486,61.570818050274255
3646,14.429609298706055,6.219747066497803,33.06647651768061,55.840058773322966
3647,10.388509750366211,6.422329425811768,18.132304845792017,75.05309653797542
3649,15.502954483032227,7.232088565826416,43.99470838071808,46.73219300485065
3650,15.411148071289062,7.064278602600098,42.54815745393635,48.19095477386935
3651,13.309164047241211,6.658669948577881,29.568177439037445,61.270847160076215
3652,15.807164192199707,6.9491658210754395,44.45448287730167,46.106522113233524
3656,13.598800659179688,7.110093116760254,32.61811369357766,58.917803407294656
3659,13.643939971923828,7.065217971801758,33.36798727407092,57.80277315029372
3660,14.122554779052734,7.016815662384033,35.36149695213351,55.36999100629559
3661,15.03888988494873,6.376787185668945,38.41691827760308,48.4408474172816
3662,14.596006393432617,6.657745838165283,36.14691925419422,53.618802077495054
3663,17.312042236328125,6.576953887939453,53.869258255510864,36.20168821529061
3669,15.411999702453613,6.937465667724609,42.79642507172288,47.265085418117856
367,17.075908660888672,6.007421016693115,48.57245724572457,37.44134413441344
3670,14.54162883758545,6.880085468292236,37.19618384190202,53.59531561545645
3672,13.200571060180664,6.989695072174072,30.835843832709266,61.13503030894388
3673,13.384535789489746,7.21465539932251,33.08805991508849,59.50126413204217
3675,13.3905029296875,7.0326924324035645,30.777767868644528,58.75422376804701
3677,13.200929641723633,7.788487911224365,34.37236814727476,58.92873066671951
3678,12.99862289428711,7.651124000549316,32.982506589983224,60.072849269110954
3679,16.166425704956055,7.530452728271484,49.66168030214859,43.034493775602186
3681,13.359528541564941,7.227735996246338,32.923439549932176,59.239287540859664
3699,10.846684455871582,5.5730671882629395,14.260252180061277,76.98562337968418
3702,10.698212623596191,6.334599494934082,18.163628279235216,75.47799021787462
3703,13.796647071838379,7.050686359405518,33.29485815283063,58.497303731491336
3704,13.855589866638184,7.434861183166504,35.87243105538169,56.41919423652438
3708,16.523279190063477,6.37881326675415,47.120048504446245,40.85489086499596
3709,13.811266899108887,7.153439044952393,33.790891922379814,57.9153833479093
371,17.617740631103516,6.495518684387207,56.20102880211838,34.0503114622447
3711,14.071440696716309,7.290326118469238,36.19991268070243,55.09605122732124
3712,14.10804271697998,7.226541996002197,35.845675527959216,55.89602989006263
3713,13.277087211608887,7.330280780792236,32.74436810554841,59.612542085238005
3716,12.423653602600098,7.657770156860352,30.54708829220452,63.768653749304214
3717,12.924466133117676,7.24422550201416,31.003055808717093,61.517360924962915
3718,13.97585391998291,7.431539058685303,36.559456259111975,55.64172239371933
3720,14.566890716552734,7.385499477386475,39.29136638895065,52.50140601906954
3721,12.847898483276367,6.712793827056885,28.065660779445324,63.19900282465999
3727,12.846778869628906,6.111281394958496,25.012210509178235,63.00215718995482
374,13.791146278381348,6.547906875610352,32.428743215574116,57.27842958822191
3747,10.516907691955566,5.9157257080078125,16.15944496467183,76.31948582616839
3748,12.820318222045898,6.677723407745361,28.010306140198292,63.333840667942255
3766,13.027545928955078,7.037744522094727,29.79744792592694,62.56547724879303
3767,14.4373140335083,6.680177211761475,36.209316983726794,53.49959889983956
377,14.935810089111328,6.805350303649902,40.59841500889536,49.49808615019678
3780,10.736987113952637,6.457895278930664,20.260075228371843,72.57388500806017
3781,12.77816104888916,6.676558494567871,27.752583613133915,63.68442855274059
3801,13.145225524902344,6.879859924316406,29.538158626888674,61.71938535290844
3803,14.082155227661133,6.6179327964782715,33.83351727650904,56.02130910943204
3806,13.468148231506348,6.828362941741943,31.157506393325786,60.12101901927082
3807,14.892654418945312,7.055810451507568,38.99391677232772,51.89406351060647
3820,9.929179191589355,6.101823329925537,16.43083306037777,77.69734687192926
3821,11.01999282836914,6.2134833335876465,18.911759140508376,74.13535731556041
3830,12.343124389648438,6.093374252319336,22.2042805138883,69.09021374240429
3832,14.85177230834961,6.939524173736572,38.43106850859881,52.14265576543558
3833,16.265424728393555,7.55127477645874,48.16529381988864,44.89439050204776
3851,15.4988431930542,7.015501976013184,43.89328476674501,46.91433985946864
3852,17.868892669677734,6.246994972229004,56.56425051357753,33.13950225076054
3853,16.815170288085938,6.315032958984375,48.42924047111193,40.73657609199666
3856,16.298734664916992,6.1820220947265625,45.48130796745909,41.95182172137634
3857,13.922791481018066,6.787952423095703,32.83392128380716,57.393650134882755
3858,16.3449764251709,6.605283260345459,47.022651423702335,41.87034012639352
3861,16.4655818939209,7.426900863647461,53.38110520068581,39.187585176067174
3862,17.854856491088867,6.420346736907959,58.759799698011484,31.815428712795267
3863,15.450831413269043,6.9388017654418945,43.77304277084451,46.421338687622246
3869,11.320008277893066,6.410473346710205,19.809995869475426,73.01941346551011
387,15.025071144104004,6.269165992736816,36.573141653355556,49.512697641039885
3871,15.540512084960938,6.884385108947754,43.570399947633696,46.73692478889834
3872,13.876702308654785,6.7152509689331055,32.99940823400118,57.77411446445178
3874,12.409689903259277,6.201277732849121,23.313659359190556,65.75597417019702
3877,15.77731990814209,6.366788387298584,41.27587663709337,47.82626189470296
3878,16.73038101196289,6.392280578613281,48.60289598049194,39.85348797372054
388,12.647011756896973,6.513746738433838,25.37033744135469,65.5842645912268
3881,17.28350257873535,6.474578380584717,54.454969796814936,35.03569467325645
3882,17.234495162963867,6.5796661376953125,53.351159367445874,37.36984969412146
3883,18.00101661682129,6.324897766113281,57.844438545261475,33.01035306610034
3884,17.64315414428711,6.399246692657471,54.8526513262568,35.08346987722923
389,14.051445960998535,6.863061428070068,33.207809704706584,57.408838924840424
3890,15.803047180175781,6.3860087394714355,42.27810542510715,44.27268398109821
3891,14.06796932220459,6.599820137023926,33.67936242095232,55.419999422482746
3892,17.8009033203125,6.614001750946045,56.99307701109967,32.802666208948395
3893,17.919633865356445,6.606496810913086,58.00595966430103,32.031036319403455
3894,17.885366439819336,6.615163326263428,57.66851886239947,32.29105660862485
3895,15.97164535522461,6.653851509094238,42.90361039836198,44.826737164035976
3896,13.94101333618164,6.108277320861816,29.941233065501727,58.56541071846478
3897,12.700957298278809,6.128929138183594,24.564814454770513,64.11064017316691
3898,10.380148887634277,6.689603805541992,19.961504063459966,73.77610141151767
3899,14.835892677307129,6.114722728729248,34.55932840171527,51.46199588024201
390,14.565605163574219,6.711742877960205,36.38440526446487,54.19915569903154
3900,14.40380573272705,6.175084590911865,33.18494746104871,55.1568404161706
3901,16.947673797607422,6.411487579345703,48.58056829072448,39.675447457714924
3903,11.475693702697754,5.904255390167236,18.599213921922985,73.6057224461941
3904,12.731971740722656,6.765133380889893,27.134873276394966,63.769286083742294
3905,14.960359573364258,7.0043230056762695,40.41614123581337,50.86506935687264
3906,12.965800285339355,7.360604763031006,30.610830361306096,62.844828672606525
39092,13.040894508361816,7.411540508270264,31.599724806709474,60.865220809854534
3911,13.868363380432129,6.436468124389648,31.2514535259309,57.88909274141451
39119,11.434017181396484,7.662859916687012,25.761514465716555,69.28864150712582
3912,13.743057250976562,6.182228088378906,29.092533602672678,60.20381736720793
39120,13.623109817504883,7.140975475311279,32.67534698045769,58.69191848860419
3913,12.96080493927002,6.537761688232422,26.846436519848872,63.108793540707
39146,15.87840461730957,6.8422346115112305,44.72068235813416,45.489244031313696
39147,13.0891752243042,6.285453796386719,27.521141553338285,62.85062383427196
3915,14.298942565917969,7.243196487426758,36.53005422273029,55.13725611357422
39157,17.222558975219727,6.681164741516113,53.274539477117365,37.00620988362991
3916,14.62908935546875,8.333531379699707,42.77547892720307,51.73026819923372
39162,12.937541007995605,6.297323703765869,27.256177346253768,63.282953748127355
3917,14.321932792663574,7.04359245300293,36.66317916672639,54.6773107075803
3918,14.207161903381348,7.39782190322876,37.21050143943626,55.146879789169134
39186,13.421480178833008,7.220583438873291,33.48678348678349,58.34975834975835
3919,15.927372932434082,6.615244388580322,43.68252002631477,45.23044773809063
3920,14.994653701782227,7.157624244689941,40.81796311146752,50.0
39204,13.531034469604492,6.932267189025879,32.09998827040623,59.57721330917906
3921,14.10707950592041,6.884097099304199,35.05996196587278,55.075744834991404
3922,15.145302772521973,7.3103108406066895,41.51610744670682,50.59936908517351
3923,14.676877975463867,7.518424034118652,38.43065408903095,53.703126218133626
3924,12.895572662353516,6.361906051635742,26.776480346288928,63.01240263863869
3925,14.632183074951172,7.250497817993164,38.24310150594999,52.23820684475636
3927,10.075261116027832,6.655025005340576,17.5218085933634,78.30875595583142
3928,12.269396781921387,7.091013431549072,25.91205092558718,67.23055535230849
393,9.315922737121582,6.232434272766113,14.59981450160947,80.53721788786441
39307,14.156844139099121,7.560762405395508,38.70660589410589,54.256680819180815
39310,14.846939086914062,7.278724670410156,40.77353801629495,50.654314385479246
39330,14.052186965942383,7.962907314300537,38.560001574198886,55.80338255984415
39334,15.908105850219727,6.938584327697754,45.953553835327234,43.90570021111893
39337,10.898603439331055,7.301211357116699,23.269079688941012,70.59171799747236
39340,13.416152954101562,6.975795269012451,32.88716911441386,57.249142555623955
39527,15.45125675201416,6.781806468963623,42.48019078390645,46.08816062774059
39549,12.84881591796875,6.1980109214782715,24.680546156602045,64.97352812388041
39621,15.733269691467285,6.815273761749268,45.04804008252284,44.7816091954023
39659,13.964350700378418,7.986114978790283,38.44165094775164,55.47611824141615
3974,16.549318313598633,7.134366035461426,50.54770228504839,40.84409991386735
3978,16.478347778320312,6.839093208312988,47.8727125446445,42.308258772414305
3982,16.913190841674805,6.9510650634765625,51.42811663698678,39.70870599003153
3986,17.377635955810547,6.464256763458252,53.08336638745654,36.73324155953242
3990,18.089284896850586,6.363027572631836,57.52243901928132,32.552026057540246
39929,17.944263458251953,6.3766303062438965,58.54326045901219,31.498671617425817
39940,17.834516525268555,6.481277942657471,58.06580163866484,32.17075270188415
3995,14.954825401306152,6.9111504554748535,37.896709855874214,52.243776386664734
400,11.351041793823242,6.464029788970947,20.773786424148348,71.9236674709366
4000,16.75360679626465,6.773076057434082,51.25871242217909,38.971305580979006
4005,16.209672927856445,7.036296844482422,46.84228783643153,44.20695002754709
40078,12.669136047363281,6.5204973220825195,27.20289434400398,62.70318460772931
4010,17.040157318115234,7.1689581871032715,52.69461077844312,38.98312465977137
40141,12.909850120544434,6.470507621765137,28.32126157513524,61.462058005562184
4015,16.84162139892578,6.7901177406311035,50.849322100708605,39.213655155976426
4026,17.129657745361328,6.844789028167725,52.74793228723815,38.130942258638015
40326,12.483839988708496,6.924027919769287,27.065201725112807,65.69398095280332
40334,12.907064437866211,7.0396623611450195,28.811530358168934,63.46485347634553
40346,12.463805198669434,7.058431148529053,27.650331360684444,65.35341445574838
404,16.335912704467773,6.969254016876221,48.03118460674731,41.70239371204001
4041,14.16909408569336,6.681026458740234,34.33369173360319,54.95435667151561
40496,15.780923843383789,6.643091678619385,43.44684806489775,45.88262633091094
405,17.225038528442383,6.969772815704346,53.49211457998069,37.900976290097624
4054,19.311899185180664,6.280523300170898,66.01796600121148,24.746426776301377
4067,14.685137748718262,7.280726432800293,39.46446069194241,52.17079972865003
40684,12.74191951751709,6.348616123199463,25.123183305039127,63.850358163223056
4069,16.561609268188477,6.654849052429199,49.59577567370721,39.51930080116533
4077,14.459317207336426,6.965646743774414,36.80980894048816,54.447390072218674
40789,14.893492698669434,7.647798538208008,40.82624064456249,52.38847528584688
40795,14.866588592529297,7.576688766479492,40.2268096404388,52.903039907794266
4080,14.769359588623047,6.8917388916015625,38.868851500204705,50.82564872399743
4081,12.730097770690918,6.73801326751709,26.092073937351202,65.67824947168499
4082,13.630387306213379,7.376216888427734,34.23471004542093,58.47393337622555
4085,13.97698974609375,6.880998134613037,35.808930931348684,55.19753773388051
4087,12.214875221252441,6.6600260734558105,24.817831956084316,66.83760182851785
40896,14.987020492553711,6.746129035949707,39.62001207785571,49.9899351202366
4090,13.49039363861084,7.0926103591918945,31.811245139801215,60.55973565826665
4091,12.938880920410156,7.378345489501953,30.87454962332132,62.19292499181134
40911,14.923221588134766,6.757551670074463,38.87626812721728,50.777992157839044
40925,14.152709007263184,6.884685039520264,35.05782799812518,55.17411737880189
4097,13.161014556884766,7.080286026000977,30.518408453029554,61.35875846128447
4100,11.918548583984375,6.634260177612305,23.431604093710128,69.95547954502267
41006,8.893264770507812,5.991511344909668,12.884604985670252,83.92635051100416
4101,14.04409408569336,7.562903881072998,37.85455539607682,55.25425466475292
4102,12.463793754577637,7.018315315246582,27.302887356798504,65.18998496708309
4105,14.870383262634277,7.08056640625,38.696319666474174,52.46693615403034
4106,12.087648391723633,7.231647968292236,26.83402581750135,66.63072092359415
4108,14.88266658782959,7.213391304016113,40.00224304655568,51.40813478217525
4111,12.315898895263672,7.079161167144775,26.826324482276714,66.30669546436285
41112,16.441648483276367,6.683956623077393,46.96407170573495,40.0097216751452
41233,14.502476692199707,8.028876304626465,42.52729604977426,52.014504024967934
41240,15.774458885192871,6.591522216796875,44.073149492017414,44.50275761973875
41277,14.717995643615723,7.0838422775268555,38.82727820152549,52.16654957848254
41295,13.391860008239746,7.507234573364258,33.782593459050396,59.54575160303464
41333,14.776458740234375,7.18318510055542,39.612448460271885,51.890810619565364
41344,13.008694648742676,7.660919189453125,32.92642292430254,60.374196023788606
41380,17.652090072631836,6.973335266113281,56.53575442124564,35.855957098637646
41396,14.013833045959473,7.284768104553223,36.697072287394974,54.69637494516866
41652,16.547489166259766,6.981392860412598,50.35405505755052,40.8529146554925
41656,15.013615608215332,6.874831199645996,39.47334030318871,50.07187663355985
41660,14.917046546936035,6.958913803100586,39.43968376091051,50.501419361685194
41738,18.644329071044922,6.222209930419922,61.757484825751895,28.199095228352544
41739,17.860246658325195,6.2548418045043945,57.732926277702404,31.75599276345545
41740,17.863460540771484,6.250638008117676,57.682831287681815,31.70551701429496
41815,17.855884552001953,6.255242347717285,57.65671280555972,31.764380467228325
41828,18.085254669189453,6.392937660217285,58.59762478955272,31.692223688401512
41834,17.87823486328125,6.256858825683594,57.8265250045796,31.68048177321854
41997,10.34083366394043,6.765579700469971,17.242292099140393,77.57220279476714
4218,16.716480255126953,6.863587379455566,51.993866598517755,39.14745719396882
42189,19.511112213134766,5.801784515380859,68.19683620344414,21.45774929915899
4219,16.40498161315918,6.776218414306641,49.866456544652635,40.75991854360885
42193,19.465547561645508,5.791420936584473,67.85832240759831,21.51385650089574
42211,15.476308822631836,7.194988250732422,42.40678107645413,47.86212367948558
42216,15.479498863220215,7.195791721343994,42.50015670378806,47.84584526023276
42243,16.761093139648438,7.182176113128662,49.930158034564926,41.65320040535729
42245,16.592864990234375,7.280586242675781,49.27010286774537,42.60552811809326
42268,20.687898635864258,5.229899883270264,77.86108569235765,14.622506912261024
42272,18.02090072631836,6.826233386993408,58.30831218642854,31.48209131588633
42302,18.573890686035156,6.128381252288818,62.52490580181886,26.86768854431753
42309,18.519010543823242,6.424025535583496,61.63434227093928,29.12904705664171
42312,18.183626174926758,6.694492340087891,58.14838021743671,32.666073057854874
42316,14.571516036987305,6.407051086425781,36.130904078524665,52.41610066808212
42317,12.316171646118164,6.964352607727051,26.861235997866338,64.06436536361096
42318,11.13888931274414,6.644990921020508,21.020274544183415,69.71469155393784
42323,13.141473770141602,6.449659824371338,28.08443024032645,59.727714280555396
42324,13.148778915405273,6.578125476837158,28.0507059634859,60.4851003593336
42325,12.338122367858887,5.996809482574463,21.659377070907887,66.93792798762978
4234,16.5543155670166,6.797208786010742,50.129326561324305,40.87659894657637
4239,14.469060897827148,6.796509265899658,37.5298627701539,53.156286460358906
42392,13.488682746887207,6.508723735809326,30.84300058490934,58.1253655683369
42393,14.308284759521484,6.721707820892334,36.48497097716377,52.83018867924528
42395,14.202657699584961,6.912566661834717,36.8200438220444,54.57273506716205
4243,16.783130645751953,6.843436241149902,51.79733968989284,39.007387251650044
42444,14.807745933532715,6.4873833656311035,36.45058738453562,49.992495667953776
4245,15.502191543579102,6.9267578125,42.851797607466246,46.9826065575523
42460,12.965438842773438,7.009448051452637,30.54250343878955,60.51499312242091
42469,13.240900039672852,6.16322660446167,26.170188250657038,59.40841778367909
42473,14.221396446228027,6.877896308898926,36.25150028701143,53.16886708761677
4249,14.77971363067627,7.1371049880981445,39.391075012836666,51.97684731363488
4252,16.468032836914062,6.948989391326904,49.32492841864624,41.466257738142396
42521,15.632192611694336,7.284488677978516,44.412656964018275,47.18616796589993
42559,15.855351448059082,7.216412544250488,45.1573675996055,46.40213717360705
4258,16.36284637451172,6.468444347381592,48.02711769963897,40.673066877169354
426,12.394468307495117,6.8595685958862305,26.089173830686292,66.35217834766138
4261,17.527864456176758,6.764983654022217,56.21632201906692,34.977893427900334
42633,15.513583183288574,7.183194637298584,45.402647075530645,45.65069206445383
42639,15.934441566467285,7.255443572998047,47.91497975708502,44.3052999631947
42717,12.513367652893066,6.621502876281738,25.84907563509561,62.603207539013525
42719,10.860901832580566,5.904293537139893,17.022593216768485,75.90846850642511
42722,13.718131065368652,6.866382122039795,32.732180249095244,58.05202193200112
4275,7.950376987457275,5.750405311584473,10.4809606486742,86.59746020780118
4277,7.840384483337402,5.7684526443481445,10.293403371170555,87.30774074007448
42835,17.5941104888916,7.093245983123779,57.47278167508989,34.629503909884086
42842,12.008429527282715,6.620905876159668,23.74473972444803,66.85305816567706
42855,17.626073837280273,7.09669828414917,57.69114421840732,34.4651995260783
4288,7.9254608154296875,5.649555206298828,10.053064424953044,86.76215831798537
42909,16.67914581298828,7.105886459350586,49.50618801737562,41.38185394639783
42944,15.348087310791016,7.932138919830322,45.73243838704719,47.20807501152841
4298,10.614093780517578,6.533154487609863,17.545983098104482,75.91263751702077
4299,8.273872375488281,5.9972968101501465,11.308582011750131,85.74897891599514
430,12.354388236999512,7.482431411743164,29.830399313009874,61.163589523400596
4300,7.710143089294434,5.341063022613525,9.276377259903661,87.21300470803813
43004,16.709665298461914,7.10791015625,50.21939380427843,40.91871788895532
4302,10.2738037109375,6.6378045082092285,18.055804253257353,76.50702029724349
4303,8.261198043823242,5.725434303283691,10.840992730371095,85.57676619350629
43040,14.926471710205078,7.762021541595459,43.049973065926324,49.6467492644926
43063,15.820236206054688,8.076963424682617,49.93154743660475,43.602239522671084
43081,13.539694786071777,7.75971794128418,34.34075022677552,59.26471372925671
431,12.725589752197266,6.157020092010498,24.979352804264586,64.63698475861551
43131,15.815781593322754,7.084044456481934,44.60185487824808,45.8479735250858
43206,15.024195671081543,7.195483684539795,41.25134096191668,50.13186125514035
4321,15.70155143737793,6.887279987335205,43.42788746470199,46.73631366715861
43245,15.207261085510254,7.320555210113525,42.81242260636981,48.90782109069295
4325,16.23641014099121,6.942859649658203,46.67472090889026,43.671805118316044
4329,14.257674217224121,6.9179840087890625,35.55010017833946,55.19936590413703
43328,15.164488792419434,7.327425003051758,42.60803865233773,49.0699778305779
4337,14.316802024841309,7.07623291015625,36.67658402203857,54.14545454545454
4345,16.93562889099121,6.93446683883667,51.22170796735956,39.72484158770097
4349,16.475208282470703,6.990103721618652,48.55277111123514,42.34525869286153
4353,12.123200416564941,6.5927348136901855,24.555008738846475,66.93496458467483
43552,15.15412712097168,6.485956192016602,38.297490747232324,50.20788156457372
4361,11.534530639648438,6.6212615966796875,22.488374029186836,70.42305450826008
4362,11.06358814239502,6.2245635986328125,19.025983245775947,73.81915850253206
43631,12.3526611328125,6.31366491317749,23.500800518817258,67.12603611454512
43635,9.575765609741211,5.0494232177734375,9.621084309880992,84.61082485978751
43687,15.61471939086914,7.098364353179932,44.019221567250035,46.75686957229977
43726,15.484500885009766,7.137934684753418,43.45350872444468,47.42146195348166
43740,15.451789855957031,7.139999866485596,43.235711565756226,47.677155814033995
43818,15.478248596191406,7.126717567443848,43.400411697898925,47.47302668938103
43849,15.53549575805664,7.121472358703613,43.67244525547445,47.184306569343065
4387,8.722757339477539,6.150491237640381,14.544581783271331,81.73326933077323
4392,11.275029182434082,6.406217098236084,20.83178934978312,72.6464241340977
4393,11.555908203125,7.399097442626953,26.450484500020107,68.15568332596197
4397,14.166243553161621,7.164009094238281,35.49861105519546,55.328314344377794
4401,13.402134895324707,7.14498233795166,32.83258340354588,59.0627969094527
4404,14.261547088623047,7.180842399597168,36.68730650154799,54.72229475176247
4408,15.757990837097168,6.491463661193848,43.31400739248142,44.08168815595911
441,12.98742961883545,6.942811012268066,29.62776198771431,62.43582103236454
442,13.345965385437012,6.920995712280273,31.010046310128477,59.848371676127876
44248,14.477030754089355,7.199033737182617,38.59807222314341,52.43495375209972
44250,13.603161811828613,6.764716625213623,33.011901042406336,57.281222484165085
44282,13.5283842086792,7.359811305999756,33.82517611373333,58.019021700613735
44284,10.041158676147461,6.776237487792969,18.38144394700266,77.04310049798501
443,13.49341106414795,6.579893589019775,30.5082804371689,60.08399751825514
44309,11.990108489990234,6.658186912536621,23.977496254471703,68.859626772119
44333,14.39859676361084,6.950309753417969,37.62825843305976,52.73364908348096
44342,11.464064598083496,7.155204772949219,24.097395356105324,69.79266551599224
44374,9.997221946716309,6.138248920440674,15.452518332911888,79.32691202501093
44375,13.320517539978027,6.397588729858398,28.35829102439561,61.76249564691435
444,12.65180492401123,6.6644158363342285,27.268987553693236,64.0673879975892
44429,13.241067886352539,6.358363151550293,27.520788074013037,62.864259495093265
44434,11.648456573486328,6.497716903686523,22.513172600989943,69.46883814998137
445,13.139945983886719,6.752346038818359,29.35200519093136,61.74399798560872
44564,14.798979759216309,7.050302505493164,39.25321392459916,51.50120715626999
44568,13.011937141418457,7.105569839477539,30.693304557019673,58.402716589610826
44570,17.394668579101562,6.8214945793151855,54.37183434303308,36.7434700566094
446,12.991789817810059,6.711012840270996,28.846931505266603,62.375074618243445
44643,12.025413513183594,7.18712854385376,26.960172007781303,67.86935599467596
44646,14.013945579528809,6.771304130554199,35.836151709143614,52.977412731006154
4465,14.807564735412598,7.164700508117676,38.89935329942864,52.784579644628614
44659,15.943543434143066,7.025189399719238,45.94461792071518,44.69638130260426
44660,13.731293678283691,7.622421741485596,35.00290202053179,58.41858018645482
4468,19.082395553588867,6.1572489738464355,66.99076456409284,24.618801289169355
44689,14.93954849243164,7.414607048034668,41.7397870573133,49.872385411160614
4469,12.0845308303833,7.073291778564453,25.957919417535635,67.28728327265996
44698,14.224115371704102,7.578647136688232,37.9386817458915,54.94522000353419
447,11.821767807006836,6.5495452880859375,22.741595335566306,68.96911053219203
44730,14.96640396118164,7.369126319885254,41.625937031484256,49.97826086956522
44732,14.23320484161377,7.587181091308594,38.06043058121358,54.89821656956089
4474,14.88237190246582,6.810587406158447,39.001230585026775,51.21229254664582
4475,16.022966384887695,6.943361759185791,45.774944855326325,44.68178279486181
4479,13.285643577575684,6.784307479858398,29.92650529296743,60.52592542647158
44799,14.858052253723145,7.4530253410339355,41.42032323871035,50.34890810957295
4480,13.529913902282715,6.93217134475708,32.310743349517885,59.530876017233126
44807,13.336575508117676,7.395849704742432,33.15497337630187,59.7621674209324
4483,15.405823707580566,7.108107566833496,43.99407880641203,46.95662336144602
4484,12.335430145263672,6.719837188720703,25.086878047466392,66.82470838608874
44843,14.924124717712402,7.424557685852051,41.675569934542175,49.957113836430665
44848,14.217910766601562,7.580684661865234,37.909214980768894,54.93450787855155
4485,14.30595588684082,7.270698547363281,36.78471913742277,55.21948067681621
44871,15.068584442138672,6.838916778564453,42.49467919745558,47.4232967453428
44874,15.272538185119629,6.398876190185547,38.90216798758754,46.85005800869432
4489,15.885290145874023,6.6251349449157715,45.44417620872184,42.77646120794667
44894,15.064674377441406,6.850623607635498,42.417115094496516,47.521471080859556
44897,14.035231590270996,7.050599575042725,35.27827397566149,54.57463436418444
44906,15.084104537963867,6.814854145050049,42.65194159159338,47.10516607361745
44907,14.000657081604004,7.17797327041626,35.35920865118619,54.65811607566994
44928,14.435798645019531,6.813701629638672,36.35844510369225,52.64279446788952
44932,14.120365142822266,6.95652961730957,37.9204454481366,52.73924316832156
44946,15.05413818359375,6.824939727783203,42.39513402847213,47.462267295148315
44947,15.232462882995605,6.4055352210998535,38.746092877874524,47.118497432462604
44959,15.078773498535156,6.818915843963623,42.59437607752214,47.137506688068484
44962,15.93162727355957,6.675541400909424,44.45372652214471,43.66150119042646
45000,14.477945327758789,6.855879783630371,36.41941736741553,52.70049784545873
45001,14.163723945617676,6.998471736907959,38.24122822726025,52.58885187970822
45022,14.514673233032227,6.83829402923584,36.58802329966894,52.42984257357974
45024,14.111818313598633,6.969343662261963,37.78339332967793,53.00259851717644
45034,14.212003707885742,7.306252479553223,38.23134953897737,53.94663313774798
45036,14.370665550231934,6.739840507507324,36.91711851278079,52.86539951141036
45065,12.627439498901367,6.430899620056152,26.31988921585598,64.33654530417556
45071,12.169992446899414,6.6140666007995605,24.51644751604362,67.7287618363775
45073,15.035493850708008,7.345083713531494,41.99432118966264,50.25747148563453
45087,16.191598892211914,7.514832496643066,50.5148533369354,42.18784094097111
45089,12.806452751159668,6.405820369720459,28.185872596430027,62.137179741599915
45094,12.143780708312988,6.2481255531311035,22.411103407290014,69.3517234548336
45199,12.790945053100586,6.511064529418945,28.652803082657957,61.880379468492805
45200,12.236872673034668,6.244481086730957,22.650674438590592,68.85874777366763
45202,14.917487144470215,7.273208141326904,41.18033539128984,48.87890038378108
45274,16.725587844848633,7.009430885314941,50.53349732462918,40.08746202445152
45291,17.32123565673828,7.047787189483643,53.905611296915644,37.50172532781229
45294,17.283769607543945,7.06530237197876,53.773535262111,37.63431806939811
45317,15.864253044128418,7.1690592765808105,45.44178760253258,45.42111790431018
45323,16.811594009399414,7.007041931152344,51.072631578947366,39.870526315789476
45339,15.845816612243652,7.155272006988525,45.6975915026767,44.833384774210025
45364,16.060213088989258,7.0967183113098145,46.27398834811417,43.99882805016847
45383,17.832374572753906,7.079192161560059,57.97749880543851,34.24807784197038
45397,16.30826187133789,7.043673992156982,47.338146577308684,43.33106700769471
45563,14.977693557739258,7.057401657104492,39.50117128289927,48.970649028524186
45566,13.537511825561523,6.744108200073242,32.09561838211701,57.378159649185356
45570,14.961174011230469,7.041435718536377,39.39280826178923,49.14769192484758
45574,13.048534393310547,6.73391580581665,29.42786242723625,60.72265126742271
45576,16.292037963867188,6.82365083694458,47.47351462188156,42.562124688766296
45577,16.338897705078125,6.7822585105896,47.60465909644719,42.35708367854184
45583,17.957656860351562,6.489949703216553,58.3276941816258,32.144395093322835
45585,17.95006561279297,6.490544319152832,58.24421114599686,32.19436813186813
45588,16.640697479248047,6.725149154663086,49.46027436596922,40.232075496325685
45589,16.36786651611328,6.792305946350098,47.90650325890083,42.08543211835165
45597,14.159499168395996,6.593352794647217,36.00808853497194,52.28548139323448
45605,14.59318733215332,6.7666916847229,37.774511791337254,51.652138658017435
4561,12.420740127563477,6.440175533294678,23.987146571073325,67.509567407838
45613,14.986501693725586,7.10723352432251,39.95529789760425,48.623314940280785
45619,12.91935920715332,6.888934135437012,29.90446302659543,61.608437444137685
45624,15.868793487548828,6.661052227020264,43.193518840213514,45.01595022267143
45631,13.077784538269043,7.487727165222168,32.020898921562065,60.75691606939514
45633,13.675909996032715,6.692099094390869,31.537309904656848,57.94027263415018
45644,16.612003326416016,6.748652458190918,49.47053315926204,40.40300141103243
45646,16.379453659057617,6.804568767547607,48.00802822998518,42.05244585536068
4565,12.664448738098145,6.472853183746338,25.224876680530034,66.33942676596705
45650,14.77017879486084,7.048620223999023,38.26694506906521,50.70403683477889
45658,14.806714057922363,7.111230373382568,39.188514357053684,50.77871410736579
45661,13.09877872467041,7.454273223876953,32.00133779264214,60.7866220735786
45663,16.320384979248047,6.796579837799072,47.54391083620237,42.53486607924374
45664,16.370548248291016,6.752445220947266,47.600936898494936,42.35639247698337
45668,15.950396537780762,6.818521499633789,45.46356208378595,44.502432343078446
45670,16.034975051879883,6.94001579284668,46.13880512627214,43.715840557859025
45677,15.099085807800293,7.182987213134766,41.321371654668354,48.00241798098588
45683,14.658856391906738,7.169547080993652,38.58261599179589,51.35802852792194
4569,12.31541919708252,6.787456512451172,26.523479106129077,65.2172114618988
45692,15.864508628845215,6.667954444885254,43.19083921370967,44.962827620967744
45702,13.537860870361328,7.106750011444092,33.31615324637566,57.17004321452642
45704,14.348142623901367,7.985755443572998,39.777406496257214,53.59214871140463
45713,12.858978271484375,6.943778991699219,29.924242424242426,60.95713229859572
45715,14.855965614318848,7.1014580726623535,39.12288319583153,49.88601823708207
45724,18.008573532104492,6.456658363342285,58.537897555238594,31.80692140229712
45726,17.867691040039062,6.559585094451904,57.96399659926811,32.59157949210809
45727,15.104666709899902,6.977968692779541,39.78399913274433,48.54870182665727
45731,12.987227439880371,6.844714164733887,29.477796949683665,61.45256936593879
45741,15.348055839538574,7.480278491973877,43.86928185904714,46.94125149709913
45745,16.0494327545166,6.935785293579102,46.25554460325284,43.877525874815184
45746,15.897621154785156,6.996007442474365,45.61895277788023,44.72639201367118
45747,16.02128028869629,7.074291229248047,45.04770013316742,45.591285174754944
45749,15.588632583618164,7.461119651794434,44.26772030048697,47.390872142039235
45750,16.006677627563477,7.078100204467773,44.96658903423808,45.60651241756089
45751,16.79390525817871,6.656007289886475,50.573302505544284,38.78639173311942
45752,14.318275451660156,7.189282417297363,37.261346857546386,54.35449701482956
45753,16.099702835083008,7.537195205688477,49.17504301367382,43.728153581454315
45754,16.963008880615234,7.0919342041015625,53.08513407966675,38.42928834983706
45755,15.425418853759766,7.695818901062012,45.61262993022925,47.69062366510038
45757,16.869403839111328,6.897511005401611,50.83813987022351,39.37004325883201
45758,15.83009147644043,7.437989711761475,45.56910477138526,45.881314902377774
45759,16.286287307739258,7.1682353019714355,47.46452284858743,43.092262292236256
45760,14.74538803100586,7.470828056335449,39.39959848732434,52.09393529109669
45761,14.965580940246582,7.296356678009033,39.92085969137926,51.352531695825945
45763,16.28061294555664,7.154056549072266,47.34067415241802,43.45467786993054
45769,16.454832077026367,6.752669811248779,48.43564825788101,40.994311448210475
45772,15.34762954711914,7.132454872131348,42.031570798694084,49.51813581950568
45773,15.575458526611328,7.211635589599609,43.742385873656836,47.36294572582301
45774,16.280017852783203,7.53463077545166,49.70954809501732,43.08869919364369
45775,16.734846115112305,7.071840763092041,50.74538839135839,39.75193038807379
45777,15.616915702819824,7.686556339263916,46.91309122990223,46.258619758376696
45778,16.915630340576172,6.8946146965026855,51.12730303166809,39.12563628992297
45779,15.942208290100098,7.21627140045166,45.8239686411521,45.470329459635074
4578,12.62614631652832,6.504860877990723,25.18241105443275,66.38470975657003
45780,15.519237518310547,7.197152137756348,42.48588540474555,49.297131303883425
45781,15.674623489379883,7.1669464111328125,43.26468171902887,48.42724534217211
45783,15.171609878540039,7.834394931793213,44.81106666819479,48.636723092615725
45784,16.420434951782227,7.243462562561035,48.37737902128903,44.00471522271367
45785,15.048675537109375,7.481390476226807,41.45995747696669,51.018435851887304
45786,13.722804069519043,7.078943729400635,32.55254340542187,58.95979287237283
45788,15.314153671264648,7.1583051681518555,41.70909624987761,49.386810927249584
45789,17.24619483947754,7.200422763824463,53.893684435483124,38.828131533222454
45790,14.985937118530273,7.924365043640137,43.48407143215115,50.30320241893721
45793,14.789899826049805,8.019898414611816,43.46427779283831,50.316065751534126
45794,15.768291473388672,7.692878246307373,47.33498449518746,46.016068623897546
45795,17.13170623779297,7.223445415496826,53.06487369198909,39.23530968042112
45796,16.613561630249023,6.764824867248535,50.46169019293596,39.41687727300746
45797,15.831302642822266,7.138862609863281,45.118189951499744,45.677355558694735
45802,14.909733772277832,7.027559757232666,38.39925604463732,51.939243645381275
45804,13.728754997253418,6.813640117645264,31.584503809786103,58.85737017656599
4581,13.0651273727417,7.161472797393799,30.874456945527456,61.24763283947867
45812,15.747817993164062,7.5764617919921875,46.340016507325124,46.55667514959763
45813,16.249053955078125,7.257350921630859,47.96305089135408,44.201666163076794
45814,17.086566925048828,6.90013313293457,52.907462454586074,38.058324104835734
45815,16.680028915405273,7.341159343719482,50.54882288665938,42.53501539684116
45816,17.344860076904297,7.0437703132629395,54.23422907236578,36.933478485074204
45817,17.48421859741211,6.985439777374268,54.879390123644086,36.162102708033075
45819,13.951118469238281,8.068422317504883,38.20531837765315,55.455462128851075
45820,15.310135841369629,7.245432376861572,41.49435142223119,50.627899939479526
45821,15.23891544342041,7.312055587768555,41.4617660312298,50.8326639368351
45822,13.952527046203613,8.021696090698242,38.10754650043079,55.50740797053706
45823,15.083425521850586,7.563609600067139,42.050965968797996,50.16874141136529
45824,15.630610466003418,7.087576866149902,43.706880057624566,46.615119694769895
45825,15.531739234924316,7.305370330810547,42.95415959252971,49.28273020354438
45826,13.983431816101074,8.06294059753418,38.32637542234379,55.34291351584795
45827,15.648656845092773,7.06200647354126,43.81249086185372,46.43752882030749
45828,15.330255508422852,7.274138450622559,41.70289349944868,50.539283405786996
45829,15.319250106811523,7.28777551651001,41.77042003009988,50.501338858159215
45830,13.890974044799805,8.034028053283691,37.83576103018788,55.638589824783615
45831,15.071349143981934,7.564451217651367,41.97881788846516,50.24530382269339
45832,15.501298904418945,7.298824310302734,42.78683569174964,49.46061854111957
45834,13.110465049743652,6.923619747161865,29.688373653408878,62.01960711223767
45837,13.885973930358887,7.045506954193115,33.1434119888612,58.08478675069617
45839,15.373254776000977,7.106967926025391,41.7209047331206,49.39623543303766
45842,15.68242359161377,7.332167148590088,44.24979641693811,46.708061889250814
45844,15.38039493560791,7.211233615875244,42.51651559379321,48.19480719004455
459,14.16422176361084,7.061741352081299,36.64988648702004,53.3872931267068
46073,10.445867538452148,6.005398750305176,15.331060250311356,75.10055329835235
46076,10.432755470275879,5.990789890289307,15.245064879158724,75.25367443576656
461,15.64456844329834,6.922345161437988,43.67092539291409,44.84086720642743
4611,17.080381393432617,6.618649959564209,52.0441354678232,37.036800816378594
4612,16.88966941833496,6.568484306335449,50.64696794129008,38.0359212050985
4613,17.25833511352539,6.5295538902282715,53.004958677685956,35.65289256198347
4614,17.403520584106445,6.556266784667969,54.242310705405494,34.99097380700977
462,9.012714385986328,5.9052863121032715,13.161998440592576,82.96647274035867
4620,13.12117862701416,6.8688063621521,28.492610480997087,63.21159168611277
4621,13.99958610534668,7.038787364959717,32.75582376224774,57.17506975536955
4624,12.76157283782959,6.424255847930908,25.592026865995017,63.38099880836312
4625,12.733376502990723,6.429121017456055,25.466244955829424,63.72014396335478
4629,14.091591835021973,6.7799391746521,35.66792660589313,52.63687280966447
463,10.64985466003418,6.926389217376709,21.226431413250303,73.18802975263795
4630,12.940139770507812,6.8972344398498535,30.308844035245603,60.401111561625406
4631,11.454730987548828,6.441684722900391,21.013555868986053,70.72657107036515
4634,19.19698715209961,5.935746192932129,64.30098663025838,24.14410469100183
4635,8.902496337890625,5.913521766662598,12.313827295962746,83.69976849683523
4636,12.832822799682617,7.222577095031738,30.830422017746724,61.69036723580837
4637,11.954236030578613,7.042020797729492,25.88217678473389,67.00883424559535
4638,11.655746459960938,6.857131004333496,23.94591935509466,69.21148261580208
4639,13.708922386169434,7.150731086730957,33.557582668187,57.65792474344356
4640,14.787282943725586,7.027621269226074,39.27642374034498,51.36537666253118
46400,14.05056095123291,6.053428649902344,30.254016832440705,59.265493496557
4641,16.226194381713867,6.954455375671387,47.568208778173194,42.991189838324864
46422,9.780604362487793,5.045844078063965,10.27061855670103,83.41494845360825
4643,18.062583923339844,6.754385471343994,59.63090459798026,32.11158565327315
4645,13.073689460754395,7.141136646270752,31.44795142497675,60.655872217055965
4646,12.29422664642334,7.0050859451293945,27.69205243072839,64.10320225651236
46465,14.652037620544434,6.584108829498291,36.961089592668536,52.135388977494245
4647,13.927228927612305,6.819111347198486,34.379382425316855,55.40443997565687
4648,14.71485710144043,6.977870941162109,39.72163503788329,50.32658005367788
46484,16.729398727416992,6.705889701843262,50.37093984239862,39.44262925235441
46485,17.201190948486328,6.677682876586914,53.59024152005303,36.594299801155856
46487,12.191670417785645,6.582833766937256,24.95100007084327,65.71303752331924
46489,17.424833297729492,6.832448482513428,54.482769577858626,36.46589663335505
4649,13.39112377166748,6.783461570739746,31.328710909862746,58.289703315881326
46492,17.354999542236328,6.8722639083862305,54.18884886352768,36.910644266632666
46497,17.355241775512695,6.8678364753723145,54.205398855174835,36.884736195927736
4650,13.33530044555664,6.828980445861816,32.09440115511962,58.515272971694586
4651,13.230525970458984,7.027919769287109,31.915408439798682,59.27216415021294
4652,13.190587997436523,6.9272565841674805,31.244958322129605,59.370798601774666
4653,15.352877616882324,7.056664943695068,42.07837996655065,49.08164956530911
4654,14.331670761108398,7.255904197692871,37.856273527497095,54.71540573434095
4657,17.902973175048828,6.735008239746094,57.737189244038554,33.04384158534038
4658,15.153820037841797,7.058730125427246,41.18508395158141,49.783845596028335
4661,14.441038131713867,6.727014064788818,35.61407633827102,54.820910729681
46642,16.58622932434082,6.8633928298950195,49.27054522144799,41.2376396291592
46644,16.431102752685547,7.0777130126953125,49.03149099195799,42.07936324454646
4665,13.317089080810547,5.8768391609191895,25.371053710537105,64.66584665846659
46664,19.308727264404297,6.579700469970703,65.23951040145066,26.92456219882805
46665,19.69647789001465,6.4297332763671875,67.82760787243798,24.783915502046224
46667,17.999906539916992,6.52049446105957,58.03764532550078,29.052822454973885
46686,9.549932479858398,5.6637282371521,11.678687632220312,83.18961784463882
46687,14.10543441772461,6.902328968048096,33.539983638408835,57.64393087227732
46688,12.576863288879395,6.7831807136535645,25.87346314712089,66.44764275515233
4669,14.469770431518555,6.136855125427246,34.51429745908589,50.61788659661383
467,16.543743133544922,7.086940288543701,49.5038879370399,41.98407169619491
4670,13.932680130004883,6.11653470993042,31.62363204424193,57.04975918785943
46707,16.429481506347656,6.87159538269043,50.72699652777778,39.95090060763889
4671,18.328832626342773,6.204716682434082,59.09107329937502,28.807966956877763
4672,11.714820861816406,5.830344200134277,18.529450583732288,72.86874722532187
4673,17.89584732055664,5.803338050842285,62.110539593093726,27.425220325656063
4675,17.593923568725586,6.2833571434021,55.0401883575546,32.81562068685557
4678,12.664321899414062,7.155130386352539,29.282346778418024,63.21834653190768
4679,14.748035430908203,7.280320167541504,38.71630605584431,52.932430798984655
468,18.695880889892578,6.311097621917725,62.81633112135868,28.187680425898847
4681,16.250164031982422,6.381282806396484,43.900799784931785,43.479904563478726
4684,15.129170417785645,7.200510025024414,41.110091844516404,50.38848793642724
4685,14.170455932617188,7.346869945526123,37.26801727754033,54.756425227022795
4687,14.2163667678833,7.159912586212158,36.08995461363149,55.575900422697075
4690,13.70974349975586,6.695476055145264,32.431164125677995,58.18663989261276
4691,13.657352447509766,7.538639068603516,33.64239837079972,59.871152189237876
46977,18.352304458618164,6.497210502624512,61.184123581151525,30.070043024331504
4698,12.961474418640137,7.043689727783203,29.235871922439088,62.56920525577242
46980,17.098203659057617,6.857701301574707,52.67144951014425,37.64560672683792
4699,11.75082015991211,6.5770182609558105,22.951194132128627,69.02870485520673
470,17.860973358154297,6.700124740600586,57.38860556153402,33.89478937600399
4703,14.40931510925293,7.166488170623779,36.782272907719516,55.426034862319106
4704,13.849031448364258,6.803837776184082,32.70110004349256,58.34791925235231
4705,12.45663833618164,6.951698303222656,27.28974815568558,65.56906639531925
47077,12.542033195495605,6.448561668395996,24.4376395828057,67.11716897290079
4708,13.94542121887207,6.920827388763428,33.34165808176984,57.89862537591443
47083,13.59804916381836,6.755530834197998,31.46107870670411,59.80125297040397
4709,13.673328399658203,6.751985549926758,31.763269309685622,59.2096966300007
47093,15.24370288848877,6.905907154083252,41.39980755568745,49.19919784894021
47097,15.393842697143555,6.893120288848877,42.20297591488048,48.34000599177492
471,17.433849334716797,6.839007377624512,54.91940317340147,36.19286457840447
47102,14.81638240814209,6.532910346984863,37.30212231804552,51.99330528371184
47105,16.838132858276367,6.685283660888672,49.85944052721323,39.93425196245603
47106,14.552596092224121,6.583831787109375,36.14550446122169,51.96156485929993
4711,14.70902156829834,6.536891937255859,36.81358524397801,52.33562303057471
47111,16.556659698486328,6.805229663848877,48.848015830948086,41.35481819145553
4712,13.257756233215332,6.819291591644287,30.169784515731646,61.3201267671399
47122,11.826664924621582,6.374083995819092,22.434934426895122,69.13902310284624
47128,11.15131664276123,6.396276473999023,21.169813775012468,70.13896416415548
4713,11.968729019165039,7.026468276977539,25.88778203818956,67.42422782712576
47133,13.876365661621094,6.48773717880249,32.545486978237605,54.94782376025687
47137,13.330011367797852,7.310188293457031,32.124386686115905,60.82416125182336
47151,13.440019607543945,5.666009426116943,25.447225275901946,59.78898676527275
4716,19.82489585876465,5.92035436630249,71.0034220814307,21.683070761863394
4717,15.796679496765137,7.397488594055176,44.91052904564315,45.79227178423236
4718,9.197042465209961,5.967091083526611,12.206397964566074,82.60262496509355
4720,17.39846420288086,6.5225419998168945,54.621113732142376,35.827877759813404
4721,17.386625289916992,6.54306697845459,54.69760263949126,35.80741292605699
47229,18.395763397216797,6.581139087677002,63.15720638242218,28.860406312668935
4723,17.998104095458984,6.750335216522217,59.13249551166966,32.5113105924596
47232,15.802512168884277,7.259904384613037,45.338096979585714,46.31239391978695
47236,14.322746276855469,8.173402786254883,43.247236394557824,50.90667517006803
47241,14.560730934143066,6.677842617034912,36.79617847098949,52.19897480902328
47247,14.450418472290039,6.707369804382324,36.29646756066668,53.062988801544066
47254,16.4930419921875,6.998345851898193,49.234488315874295,41.4861512695328
47259,13.279319763183594,7.602591037750244,34.3784078516903,58.169756452199195
4728,18.023080825805664,6.755823135375977,58.90491374594746,32.76853494856777
47280,15.09466552734375,6.590763568878174,39.94347621290626,49.095619406500234
47283,15.390774726867676,6.866385459899902,42.55746608842642,49.004475357820795
4729,18.235013961791992,6.625182628631592,59.375589765711354,31.13558545199644
47320,16.038454055786133,7.131184101104736,47.55255681818182,43.421875
47332,14.82535457611084,6.793266296386719,39.31104356636271,51.17825853745753
47348,14.204659461975098,7.564267635345459,37.37856741936877,55.67872717067485
4735,11.078202247619629,5.7589111328125,16.35052003688702,75.34056287718724
47353,14.449617385864258,6.721245288848877,35.24919777407693,55.61050408221293
47357,14.062493324279785,6.281985282897949,29.471992059382014,58.31822889694459
4736,12.43580150604248,6.281209468841553,23.70170626249477,67.21604909572737
4737,13.990394592285156,5.711916923522949,27.732763616941487,59.73271816084639
474,15.904173851013184,6.520878314971924,43.74828701419723,44.57052019952859
4740,11.248042106628418,6.477258682250977,20.196837294012575,71.89289529446789
47409,14.090095520019531,7.029381275177002,35.716387749897,55.2255203939495
4741,12.480270385742188,6.456297874450684,25.0165915679905,66.28069440078242
47416,14.313471794128418,6.946255683898926,36.93879037250119,53.69952299457452
47420,12.774641990661621,6.689113140106201,27.91336559082611,63.352297903262965
4743,13.36814022064209,6.828084468841553,30.465975030771936,60.52048531739054
47432,15.255290985107422,6.612885475158691,42.09519150528042,46.42168570688614
47441,17.221778869628906,6.60932731628418,53.71983080368251,36.08000884686627
4749,15.075448036193848,6.932326316833496,38.92841977945623,51.23846777410348
47492,17.351547241210938,6.775609016418457,55.3508540488454,35.800075711516186
475,16.92931365966797,7.019298553466797,53.433163859760626,38.26792712636373
4750,15.654266357421875,6.521586894989014,42.42696191856064,45.82963908050948
4752,13.640501976013184,7.213371753692627,33.03987111342273,58.17402225069455
47530,12.790116310119629,5.878505229949951,22.827987435980752,65.12478918132727
4754,14.859264373779297,7.098194599151611,38.72796458802516,51.667054955864465
4755,15.635934829711914,6.734960079193115,42.57333405628152,46.72667136582985
47555,13.98348617553711,7.078188896179199,35.68644645815064,55.47232777940173
47556,13.598420143127441,7.022284507751465,33.04286358484357,57.5227602344883
47557,13.240044593811035,7.019138813018799,31.230581379885635,59.95623632385121
4757,13.439833641052246,6.947823524475098,30.725200527972383,60.649558330795
4758,17.64407730102539,6.80333948135376,55.876680913165856,35.157145835505055
47586,13.068341255187988,6.44146728515625,27.62908205171779,61.796527600759056
4759,13.31387710571289,7.475406646728516,32.156956573752844,59.164440190878764
47591,14.071850776672363,7.3332366943359375,36.95626094675976,55.08409510784807
47597,14.053613662719727,6.879700183868408,34.216630501010144,56.59052281643168
47599,13.760791778564453,6.950638294219971,33.1974600332222,57.72298340068094
476,14.848522186279297,6.951422691345215,39.27095475256967,49.52050439758398
4760,16.2128963470459,6.890686511993408,47.58914460945922,42.86686133525909
47605,14.501688957214355,6.806203842163086,35.10985149598498,55.50063940828811
4762,13.268278121948242,7.337581157684326,31.596971195921007,60.74603959768147
47628,14.749853134155273,7.0074462890625,39.74807356021445,49.78285516631757
47633,14.031210899353027,6.877652168273926,35.59186744224453,54.258032552250576
47636,15.161906242370605,6.885059833526611,40.43799420780319,47.92229344961114
47638,16.476253509521484,6.660306453704834,47.18069620818375,41.075925628248406
47666,15.820232391357422,7.082857608795166,44.71791954011713,45.129930644797376
47670,13.257519721984863,6.59475564956665,29.71844944792641,60.81324418263795
47673,13.308530807495117,7.826981544494629,34.723064835350634,58.14594169890698
47696,9.308191299438477,5.636092185974121,11.613027558296396,83.30314126035844
477,14.636683464050293,6.718387603759766,36.587325631940146,53.46760277671668
47701,16.498178482055664,7.200414657592773,48.659800341909204,42.62890188050063
47707,17.58411407470703,6.994472026824951,56.95502917954,34.84380363886028
47709,13.40842056274414,7.17653751373291,30.693842998078992,62.72588154852994
47715,17.947629928588867,6.011324405670166,56.12126177795985,33.39287177386317
4774,13.310009956359863,6.613009452819824,30.263540636453545,60.561987317470475
47740,13.852107048034668,7.235649108886719,35.2152919688229,57.16404144890319
47744,17.508188247680664,6.909205436706543,55.66536850613565,35.37548681019913
47748,13.743475914001465,6.5202107429504395,29.72663536373577,59.80317746188975
47750,15.223769187927246,6.992375373840332,39.806996381182145,50.97764187729683
47822,18.50404930114746,6.495633125305176,61.672555523507356,29.21293625612922
47827,14.313350677490234,6.791160583496094,35.88507095969782,53.90003300451062
47831,15.297991752624512,7.290167331695557,44.087644664013546,47.62728146013448
47835,14.313426971435547,7.354238033294678,38.76512274382365,52.92275165420305
47837,16.53142738342285,7.060880184173584,48.598068745570515,42.39900779588944
47840,14.954742431640625,7.290729999542236,40.80325352237198,49.80589781303499
47841,16.848697662353516,6.643685817718506,51.46936396936397,38.02031302031302
47849,15.389358520507812,7.189401149749756,43.299512359645306,48.05787040290055
47850,14.92291259765625,6.80889368057251,37.46420446942326,52.53713368125251
47852,15.660676956176758,7.001251697540283,44.030696683216576,46.56759391507402
47855,14.910584449768066,7.065881729125977,39.85384344835672,51.66438704130682
47857,15.276812553405762,6.910208225250244,41.21792857890878,49.18525500052361
47873,11.944950103759766,6.6182332038879395,22.779782909125064,70.55319263125412
47930,16.784151077270508,6.541226387023926,51.76531137416367,38.33133184651455
47934,13.970280647277832,7.127701759338379,35.497206138909256,56.50805289373214
47935,14.70861530303955,7.225815296173096,40.33779171196682,51.346362923819875
47936,14.688148498535156,7.2498064041137695,40.35105455372601,51.34141255860387
47941,16.268407821655273,6.977574825286865,48.21385922412911,42.55518782626497
47945,16.34951400756836,6.975685119628906,48.85768110977907,42.157903750642234
47960,14.893043518066406,6.691895008087158,38.089075204681656,52.132628084292264
47961,13.493844985961914,6.953699588775635,31.906837289812067,59.2328140454995
4799,12.859477043151855,6.38920259475708,26.399342732958765,61.576380790840666
47991,14.236849784851074,6.955310821533203,35.01231293805645,55.29740481151734
4800,18.261184692382812,6.039896011352539,61.13994549117194,28.15854959118379
4801,16.33985710144043,6.112216949462891,45.739549839228296,39.469453376205784
4802,18.13616943359375,6.389875888824463,58.551628967420655,29.5470090598188
4803,18.638635635375977,5.671334266662598,64.8305641295068,23.102055559204047
48059,16.425037384033203,7.053617477416992,48.158543846219274,42.209960023815604
48075,11.699990272521973,7.025857925415039,25.391220453449108,68.3434635793536
48079,16.76961898803711,7.100049018859863,50.936337481952975,39.5685576082031
48091,14.8889741897583,6.483371257781982,37.81164243591989,50.90208442809598
48093,13.9823579788208,7.246594429016113,36.36374274480435,54.38003182924545
48192,17.971633911132812,6.006864547729492,57.49270260989011,31.05039491758242
48196,18.779502868652344,5.7762932777404785,64.86564368561343,24.491511178349302
48197,17.820131301879883,5.96877384185791,57.53151729586754,31.307753083027034
4828,11.719718933105469,6.79949951171875,23.58812936889418,70.19439363647965
48285,13.095271110534668,7.238492012023926,30.7339013651769,62.1741471603687
48289,14.722204208374023,6.530738353729248,36.94662433355298,51.91846881926556
4829,10.883650779724121,6.475103855133057,19.219485667673197,75.06475664381699
48302,16.97451400756836,6.8856353759765625,51.69695804557756,39.34428653820559
48304,14.509136199951172,6.404681205749512,34.48501194054677,52.22236743616857
48305,13.60594654083252,7.075821876525879,33.1562106638737,58.014240278271565
48312,12.66905689239502,7.113926410675049,28.553327284672903,62.30172386822264
48314,10.735535621643066,6.135169506072998,17.442676136612743,75.3123766934105
48318,12.584968566894531,6.985579013824463,27.860806788677095,64.84073206256728
4832,14.723233222961426,6.755805969238281,37.56053778118514,52.173750444099554
48361,16.33429718017578,6.9441657066345215,48.36661158999064,41.819122887344975
48370,17.39818572998047,6.553593635559082,54.17992294041471,35.71280116388751
48371,18.131271362304688,6.510300159454346,59.08209205421716,31.591551319507637
4840,15.647043228149414,7.5173258781433105,44.73623954205196,46.46059004843681
48408,17.112140655517578,6.798189163208008,52.53028911341468,37.54209858723702
4844,15.951369285583496,7.322387218475342,46.03021047830954,44.280600892770764
4847,17.418615341186523,7.00285530090332,55.94742717953922,36.10829189079468
4848,17.73241424560547,6.991021633148193,56.98559863200363,34.71023592593582
4849,18.623693466186523,6.090736389160156,63.36568034786298,27.65934881747799
4852,16.4841365814209,6.962332725524902,48.559227823754654,41.94914506537735
4853,14.799567222595215,7.361238479614258,40.00514246227522,51.80870040336188
4856,16.362619400024414,6.977479457855225,47.887556024255204,42.95906933825468
4857,15.539167404174805,7.201879501342773,43.79223569994628,47.59945712104504
4858,14.866253852844238,7.5647783279418945,42.31083984042009,50.15344222047943
4859,14.613929748535156,7.53428840637207,39.60518198642813,52.664250462677366
48593,15.674400329589844,7.1774725914001465,44.91732056567806,45.89262756572239
48596,13.984051704406738,7.2604546546936035,34.9418879569946,56.87638436076753
4860,14.130123138427734,6.8580474853515625,34.542920494140006,56.24200190053848
4861,14.973159790039062,6.851027488708496,39.31377750827459,50.20339068698046
4862,12.676034927368164,6.514838218688965,26.097353382239696,64.3760385846877
4863,17.236614227294922,6.730822563171387,53.09496669211382,37.35398387417253
4864,12.745424270629883,6.98947286605835,29.042132982225148,62.048496818082064
4870,15.681425094604492,7.090997695922852,45.324938605310436,45.61337003279877
4872,19.556575775146484,5.674504280090332,68.71022402058293,21.72710632052001
48728,15.29513931274414,7.488037586212158,43.22082345070851,49.24283889801131
4873,19.514013290405273,5.863800525665283,67.79465487406267,22.495091270326803
48771,12.346060752868652,6.865165710449219,27.40581151254005,64.90285209211295
48781,13.225444793701172,6.699441432952881,30.21184123420545,59.15724030740005
48784,12.533552169799805,6.539144992828369,26.207144915010083,63.857677902621724
48788,14.561577796936035,6.709505558013916,35.57469040247678,53.81312886996904
48789,15.559800148010254,7.299975395202637,44.0119663122297,47.5639233028756
48792,14.827046394348145,7.007620334625244,38.40811458366317,52.50836473407007
48793,16.00710105895996,7.1478166580200195,46.208851787683095,45.257520869428255
48797,13.231861114501953,6.353419303894043,28.31858407079646,58.74308461118661
4880,15.107675552368164,7.1193084716796875,42.12324453680962,48.74834687322879
4881,13.303611755371094,6.664813995361328,29.997147080945098,59.83089970692741
48813,17.72360610961914,7.211696147918701,59.22700129337626,33.04713943696855
48817,15.254745483398438,6.375905513763428,38.42349128741579,50.332584780693026
4882,9.455462455749512,5.769586563110352,12.78162221474966,82.81684158363272
48836,12.715719223022461,6.916988849639893,27.87861498413151,63.99992868095424
48837,11.233098030090332,6.6914801597595215,21.457658316418513,70.04752959568326
48838,10.771191596984863,6.697518348693848,20.214456919389427,72.53311467137631
4884,13.055835723876953,7.173084735870361,30.71648510880534,62.4990296788884
48841,17.49822235107422,6.915327072143555,54.987779968593934,35.79937896265511
48847,17.97395133972168,6.686182975769043,58.203235137477684,33.324631112874755
4885,17.70213508605957,6.173495769500732,54.97750535946133,33.858208279235484
48854,13.411454200744629,6.940375328063965,31.335260703441666,60.63951883544231
48855,15.952683448791504,6.720273971557617,43.7812197739589,44.9246750493554
48857,16.517120361328125,6.623291015625,47.53726970900332,41.318924549182995
48863,16.914833068847656,7.181358337402344,51.98354950964884,39.62923125593167
48864,16.972198486328125,7.167797088623047,52.29340385418381,39.321278991788034
48865,17.166954040527344,6.708655834197998,53.1547878260028,36.69860163545749
48867,10.209142684936523,6.74239444732666,18.244882228922492,76.43444945705153
48868,16.49430274963379,6.981338024139404,49.979677550467414,40.5920606963826
48879,13.79798412322998,6.277078151702881,29.5548841464712,59.16402476648439
4888,13.276593208312988,6.695150375366211,30.62140152497536,59.37548628040874
48880,13.725577354431152,6.354255199432373,29.443470077426532,60.119989733498734
48894,12.664153099060059,6.49761438369751,26.195428520307747,65.120101986044
489,13.198410987854004,6.072468280792236,26.052583568141735,61.317427175609666
48946,15.583450317382812,6.76667594909668,42.67324279359536,47.00475510613444
48947,15.587015151977539,6.765285491943359,42.69802126228599,46.978796710363305
48959,15.186990737915039,7.332608699798584,41.67721338578188,50.64363491249073
48960,15.176546096801758,7.3412652015686035,41.662200836915495,50.650490861202016
48963,16.286361694335938,7.228881359100342,47.46364847477312,44.18090932899127
48966,12.385437965393066,7.270833969116211,29.09950738916256,62.94581280788177
48969,12.615578651428223,7.458429336547852,30.680177953534354,61.49579831932773
48977,12.670546531677246,7.472470760345459,30.960266537484305,61.144450266438625
48999,16.714948654174805,6.95313835144043,50.017838737810195,40.74665028145564
49003,13.703076362609863,6.809824466705322,32.28111665210015,57.536030709646454
49004,16.641551971435547,6.924393177032471,49.63415452775727,40.759884540511514
49006,16.625028610229492,6.9286603927612305,49.5468886352957,40.84603163947998
4901,14.996187210083008,7.195099353790283,40.889945988801344,50.89836975372876
49018,12.93722915649414,7.239457130432129,31.17043874260739,61.598178400599046
49035,15.824911117553711,7.01347541809082,45.18447369907904,45.45680546923555
49036,16.154586791992188,6.593551158905029,46.03783027559458,43.07942538017948
4905,14.166470527648926,6.593840599060059,34.96406340593583,53.87097832864753
49051,13.80526351928711,6.2371087074279785,29.219224699681163,59.32625522001911
49052,13.639949798583984,6.310508728027344,28.89555158628902,60.362975248787954
49055,15.513890266418457,7.086085796356201,44.53075550952299,46.602221071408024
49064,16.768659591674805,6.6323018074035645,50.332415663393185,38.73361548259851
49116,15.548853874206543,6.958098411560059,43.771729587357335,46.64442493415277
49120,15.85416316986084,7.051377296447754,45.48152458539424,45.208030258946756
4914,10.698452949523926,6.523519515991211,18.606199292698147,75.26211774495528
49147,14.368258476257324,7.066410541534424,37.470111265794536,53.07495297505819
4916,14.04948902130127,6.719209671020508,33.382593550430144,56.81532696469098
49163,12.076895713806152,6.401752471923828,22.47004776695988,68.31327817076036
49164,12.60973834991455,6.444499492645264,24.75336909590475,65.70587465654847
4917,14.226149559020996,6.6868109703063965,34.1626723847965,55.90628153380423
4918,12.871787071228027,6.564492702484131,27.349483239459726,63.496472904248925
49180,16.555280685424805,7.048307418823242,49.19310947131267,41.2052096649664
49183,13.882340431213379,7.169281482696533,34.87306355657655,56.920539553513585
49186,16.54882049560547,6.773029327392578,48.34361691661162,40.64849822204107
4919,14.51296329498291,6.726016998291016,35.838746696707766,54.104505111548626
4920,10.481719970703125,5.763354778289795,14.429880284672514,78.2043733796081
4921,14.498146057128906,6.7503767013549805,35.87940332397742,54.193867146025845
4922,15.651446342468262,6.746127605438232,42.003351995150304,47.65360339478658
49221,15.570646286010742,7.290605545043945,46.030800209581145,44.72913691607508
49225,14.591830253601074,7.248154640197754,38.90749772227879,52.99721314111153
49297,11.86068058013916,6.792488098144531,24.474805111307564,67.44997187173512
49301,14.552196502685547,7.125017166137695,37.74123175029367,53.6034698645875
49302,14.559767723083496,7.11921501159668,37.75543134495979,53.591852014406136
49303,14.690394401550293,7.019111156463623,37.82378752589657,53.37974341487267
49304,14.678216934204102,7.025428771972656,37.80705930796649,53.43507521264138
49305,14.676989555358887,7.026108741760254,37.79933859199877,53.44022235661987
49307,16.795034408569336,6.507951259613037,49.784030605948416,38.917684808095764
49310,14.382096290588379,6.810905933380127,35.01760173309372,55.71748602939366
49311,14.154885292053223,6.958153247833252,34.827450401220894,56.127849160636046
49312,16.913631439208984,6.38547420501709,52.283411013982516,37.09267668180272
49314,16.484617233276367,6.557459831237793,49.01268864028831,40.28830993317817
49318,17.166732788085938,6.324453353881836,51.71784042917476,36.47414678689647
49320,15.953483581542969,6.9673991203308105,45.96467498704515,44.215111938659895
49322,17.685497283935547,6.038820266723633,55.2887726109095,32.14898584972009
49324,16.49787712097168,7.029305458068848,49.687806970993705,41.36642315986767
49326,17.911651611328125,6.0447773933410645,57.047597933045694,31.021368760339037
49328,16.486745834350586,6.988979816436768,49.188656689984946,41.60652616665191
49330,18.104734420776367,5.971652507781982,58.48549495220977,29.705531571786125
49333,19.725589752197266,5.851632118225098,70.13392764158213,21.742933910978735
49338,19.707843780517578,5.817598342895508,69.96421163935092,21.68855992516979
49343,19.97926902770996,5.6942973136901855,71.72609721961103,20.131185895427294
49359,17.100385665893555,6.966557025909424,52.71299777105026,38.1749226521175
49366,13.872133255004883,6.858309268951416,32.771979479922166,58.337166106492134
49368,14.47586441040039,7.192021369934082,37.63951275965556,53.24336517526137
49369,14.563194274902344,7.1941399574279785,38.3866671889076,52.626219106184635
4937,15.55190658569336,6.821506500244141,42.34429989507015,47.65300721508761
49371,14.9727783203125,7.361990451812744,42.158825021847605,50.03805711386124
49375,14.851407051086426,6.937991619110107,37.972403219624375,51.5293215791491
49376,13.975798606872559,7.260002136230469,35.533177827084636,57.133375054522006
49377,16.26982879638672,6.722317695617676,46.66251980865213,42.74818204706684
49378,12.73452091217041,6.497330188751221,25.321485025846968,64.5981971205195
4938,14.498062133789062,6.815323829650879,35.32030761305516,54.797255031828385
4939,15.26831340789795,6.796517848968506,40.0157318991695,49.61493432846742
4940,15.101539611816406,7.052353858947754,39.45770980046948,51.2837441314554
4941,14.548449516296387,6.8280158042907715,35.69325369917982,54.26764134907439
4942,13.41279125213623,7.12684440612793,32.073275590881444,59.66487007948326
4943,14.299070358276367,7.01323938369751,35.699906194335824,55.600408950535964
49430,12.241461753845215,6.349746227264404,23.071594813255015,67.7033691676826
49431,16.11066246032715,6.7862677574157715,46.532389388707315,43.20163534941735
49433,16.042173385620117,6.71970796585083,46.320917369620815,43.2325476446697
49436,15.680105209350586,7.048877239227295,44.708181103454656,46.41700966563382
4944,14.043137550354004,6.729617595672607,32.93245573643201,57.38328051500131
49440,14.260266304016113,6.781377792358398,35.283574446293684,53.78824734348995
49445,13.604557991027832,6.535253524780273,29.380288826957184,60.583734481884974
49447,14.420475006103516,7.19577693939209,36.7234174122059,55.275625105971294
4945,13.743701934814453,6.755437850952148,31.69458583988894,59.03933364183248
49452,14.30045223236084,7.07648229598999,36.228838758276176,54.61681798358641
4946,14.576691627502441,7.043500900268555,37.270939764228444,54.11612602016538
4947,13.810916900634766,6.791662693023682,32.534933747898556,58.28377230246389
49475,10.768068313598633,6.3936686515808105,19.007977166276348,75.0365925058548
49476,12.321246147155762,6.213341236114502,23.813953488372093,67.12790697674419
49477,12.356164932250977,6.199981212615967,23.956227984061904,67.0352832476757
49479,16.097206115722656,7.118663787841797,46.319390795717915,44.25402431141312
4948,13.65000057220459,6.666023254394531,31.136831321944953,59.22378081108525
49480,14.3947114944458,7.4824018478393555,37.746747783314994,55.08704938191703
4949,12.036149978637695,6.455037593841553,23.200478278198485,68.8109472565431
495,13.060746192932129,6.981127738952637,30.20690658295051,60.71562768936134
4950,11.200697898864746,6.197564601898193,19.34714064914992,73.2982998454405
49501,9.062471389770508,6.646541118621826,15.173328463926344,80.20105525175154
49502,15.399904251098633,6.403205394744873,41.52213943131209,47.69934052757794
49503,15.410062789916992,6.406778812408447,41.59860413834445,47.583468031128575
49515,18.832847595214844,6.294427871704102,65.61325966850828,25.69797421731123
49516,16.09673309326172,6.613412380218506,45.569525892058444,43.52947023158732
49517,16.17423439025879,6.584997653961182,45.92797502728219,43.164226074156794
49518,16.118698120117188,6.619743347167969,45.73444993911682,43.40100892124947
49519,16.167470932006836,6.594361305236816,45.92523032410345,43.16641709601279
49520,16.10672378540039,6.633691310882568,45.73196491140876,43.413434059789765
4953,18.143739700317383,6.268203258514404,57.120200243831384,32.023908422971935
49532,12.314885139465332,6.886560440063477,27.193166788217404,65.16520599760194
49541,14.53193473815918,6.859755039215088,36.654798207805925,54.55629567795022
49551,20.06343650817871,5.304534912109375,75.60095311514472,16.64797813441727
49552,19.68521499633789,5.400876522064209,72.52952144188937,18.14446516124577
49553,19.616636276245117,5.4983391761779785,72.1663923806856,18.796176336706466
49581,13.91612434387207,7.058897018432617,34.42222119217577,55.894827106702515
496,11.998169898986816,7.319397449493408,28.28497565712636,65.25202419852236
49602,15.210830688476562,6.835854530334473,40.95119624159128,48.91245274815522
49608,15.559261322021484,6.496293544769287,40.924088036147296,48.57756164782891
49612,13.402615547180176,6.745926856994629,31.744852604340775,59.10931174089069
49615,15.25214958190918,6.811094284057617,41.06625987639834,48.62969047432789
49616,15.807628631591797,6.658239841461182,44.98233138942485,44.56392134758384
49622,15.112678527832031,6.879794120788574,39.254754649574444,50.634391089629084
49632,14.269996643066406,6.422083854675293,34.68439502997366,53.2950278993549
49633,14.128093719482422,6.408703804016113,33.977138352384706,54.17297678567724
49634,14.28717041015625,6.427335739135742,34.92708830301396,53.158124001742415
49641,12.104158401489258,6.642869472503662,25.06045032417767,65.4789714838403
49647,16.07207489013672,7.158909320831299,46.62843919620221,44.4726140443416
49648,15.468063354492188,7.019717216491699,42.643226904770174,48.09088698189904
4966,15.36485481262207,7.426670074462891,43.33592967619895,47.83019917658841
4967,16.20903205871582,6.965541362762451,46.62688458796504,44.117181105272884
49671,12.623473167419434,6.294064521789551,24.898105432883952,64.36825368388051
49672,12.783649444580078,6.016862869262695,24.391981759452783,65.34137690797391
4968,15.634905815124512,7.0432562828063965,43.63626822004434,47.199590663990236
4969,18.08284568786621,5.986570835113525,56.93983552156976,29.132400327033135
4977,15.398173332214355,7.200273513793945,43.21552150271874,48.227526304639504
4979,14.845816612243652,6.9595417976379395,39.31422951405963,51.453350619160446
49796,15.087566375732422,7.229337692260742,41.90381294008237,49.35963863425003
49800,16.94080924987793,6.561211585998535,49.62854542323682,39.4750436643625
49801,17.229686737060547,6.657049179077148,52.32325724861197,37.19802590993214
49803,17.447799682617188,6.298449516296387,54.32756489493201,34.01977750309024
49818,13.672873497009277,7.645533561706543,36.35614907197694,56.20495926111128
49819,18.03623390197754,6.5989227294921875,59.21390806285798,31.50701277720664
49843,14.84344482421875,6.43147087097168,36.83782118972193,51.152763111580434
49866,18.964027404785156,6.183629512786865,67.3046875,25.177734375
49877,14.350619316101074,6.653571128845215,34.96007458149244,54.32424033615716
49886,15.877128601074219,6.406301021575928,44.493360277136254,43.47214203233256
49895,9.150134086608887,5.778201580047607,12.458535989743382,82.62886912635585
49898,14.900562286376953,6.689359664916992,38.26541084175238,50.778809094848235
49900,14.631070137023926,5.988980770111084,34.134699597127344,51.20423892100193
49905,15.151718139648438,6.829268932342529,40.45821304315641,49.030276112221486
49907,14.94933795928955,6.872171401977539,39.62467885467476,50.42757319631133
49913,16.38361167907715,6.9124436378479,47.94956619436989,42.64090880719056
49923,16.007352828979492,7.111793041229248,46.14775177286542,44.191755201704034
49934,17.671649932861328,6.266069412231445,55.99575158173637,33.29640711724264
49935,14.67762279510498,6.711931228637695,36.113925240477506,53.56303591757444
49936,12.929025650024414,6.500206470489502,26.173283385724762,64.40429442307499
49937,13.240002632141113,6.612765312194824,28.122132735243145,62.36823325517382
49939,14.21924877166748,6.6446614265441895,33.30508014126596,55.714208095626184
49946,13.30122184753418,6.7643890380859375,30.387396136829608,60.93935469947124
49951,15.2118501663208,6.903896331787109,41.87232884787612,48.4894174195962
49970,12.311810493469238,7.780187606811523,30.54482453140156,62.69266782916832
49980,12.537529945373535,7.684651851654053,32.02044659671778,60.773024840821456
49986,15.616395950317383,6.958709239959717,43.852619458837076,47.18480138169257
49987,15.706656455993652,6.96056604385376,44.27313790560472,46.589233038348084
49988,15.289515495300293,7.070863246917725,42.389902340151096,48.77234199373503
49989,15.32796859741211,7.091020584106445,42.62382061869939,48.598583589010126
500,12.936197280883789,6.8815388679504395,28.430754356096433,63.46343821594468
50023,16.509719848632812,6.896181106567383,48.68898869076734,42.00423910949056
5032,14.310906410217285,7.253057479858398,37.809312353187245,54.101103710139334
5033,14.373887062072754,6.660219192504883,35.408413506885495,54.04829277494812
50405,16.162063598632812,6.492735862731934,46.00324418122147,42.71002301105285
50409,16.202356338500977,6.327924728393555,47.00133411932612,41.87273122149484
50415,14.9042387008667,6.532741069793701,37.75781121094395,50.798746006269965
50416,13.313274383544922,6.577269077301025,28.502840480619373,60.445678950279024
50417,13.301618576049805,6.574840068817139,28.44345677649105,60.49634915595799
50427,18.777992248535156,6.320663928985596,63.73148259665181,27.672226905937613
5045,13.145027160644531,6.9782795906066895,30.25763194734386,61.04084289117567
5046,14.669132232666016,6.802463531494141,37.90550742483545,51.7524957122125
5047,15.115714073181152,6.486002445220947,39.03221867531879,49.17752542432013
50473,14.234553337097168,6.270203113555908,33.62228006772979,53.8224367560464
50486,12.744356155395508,7.123672962188721,30.102263970174743,61.542707183471144
50487,12.463911056518555,7.039987087249756,28.59100931646173,63.44828271190481
50489,14.094151496887207,6.5247368812561035,33.325641823088574,55.45913299958867
50490,12.631938934326172,6.612275123596191,27.013846726336197,62.83613075070017
50492,15.35611629486084,6.975866794586182,42.66253677536982,47.25479633696598
50493,15.324638366699219,6.9717116355896,42.54299913354381,47.34236970789471
50496,18.158750534057617,6.220892906188965,58.12738814248737,31.4957475656354
50498,18.0447998046875,6.254682540893555,57.36864266594483,32.315257601732384
50499,19.38376235961914,6.065597057342529,67.14891704357109,24.434643368823217
50502,16.635799407958984,6.716813564300537,49.190421892816424,40.55268629686766
50514,15.91916275024414,6.808591842651367,44.588031032285,45.108898705522954
50515,12.746705055236816,6.521475791931152,26.589424817058777,64.76709418522307
50516,14.2640962600708,6.9402899742126465,35.35582870116652,54.79527127534644
50520,13.371811866760254,7.199145793914795,32.42274758004468,59.42386448250186
50522,15.756422996520996,6.944248676300049,44.08104523520614,46.761859073849365
50525,12.460972785949707,6.925298690795898,27.495818293863895,64.91878686504093
50526,12.441439628601074,6.926690578460693,27.437387208944052,65.08869228399138
50527,13.662405014038086,7.468428134918213,35.14809439337741,57.3799924743321
50528,13.98143196105957,7.090454578399658,36.82414638056198,53.89539011152586
50530,17.336877822875977,6.433924674987793,55.011157187048084,34.617926199756745
50531,16.8205509185791,6.52164888381958,52.27731872887603,37.41658129314555
50532,17.471498489379883,6.885432243347168,55.99016601751333,35.74486892627276
50536,13.940711975097656,6.924360752105713,34.463976438892566,54.90507785373037
50537,11.787035942077637,6.26735782623291,21.397353588329267,68.54949714159407
50538,14.509899139404297,7.165634632110596,37.49960077927884,54.188623806330035
50539,15.983137130737305,7.355729579925537,47.04132015215756,44.93225936542885
50542,13.583390235900879,7.036566734313965,34.17631120166355,56.70776533848642
50543,13.423559188842773,7.529998779296875,34.97096246734452,58.170917360497675
50544,14.003747940063477,7.041326999664307,34.929689047336105,56.00911071499307
50546,17.3879337310791,6.591559410095215,55.86448832314323,34.88022451638769
50547,16.48124122619629,6.682389736175537,48.74985641536164,41.436612168319485
50548,16.347373962402344,6.922628879547119,48.76746858434963,42.00615338992475
50549,15.37610149383545,6.852844715118408,42.42051589682064,48.12237552489502
5059,15.1171875,6.8879594802856445,40.39467427484546,49.54298092671844
5060,14.031590461730957,7.309047222137451,36.10684504510654,55.647702581254336
5061,16.320812225341797,6.784757137298584,46.55962287535411,43.468927053824366
50611,15.378435134887695,6.864316463470459,41.99074867226315,48.391011364285305
50614,17.11777114868164,6.40565824508667,53.97678952257592,35.33906399235912
50615,15.65615463256836,6.68953800201416,43.41961730470605,45.82333388945214
50624,16.01837730407715,6.852615833282471,46.289366354118485,44.42248665012825
50627,17.52183723449707,6.9622697830200195,55.5898813521379,36.149541079023955
50644,15.399601936340332,7.200922966003418,42.56615840941744,48.720860175186544
50645,14.811494827270508,7.13651180267334,39.29855030513544,51.400246038063536
50648,14.650403022766113,7.119243621826172,37.07444232358053,53.58536793823537
50650,14.617907524108887,7.1168131828308105,36.865722670161546,53.81777258611356
50660,14.863633155822754,6.987523078918457,38.15794464124523,49.48001608119486
50664,15.8786039352417,6.263902187347412,40.72877068942565,45.007913381750406
50665,17.29172134399414,5.631754398345947,50.87344881194403,34.82940381024221
5069,16.296886444091797,6.005536079406738,46.37869997049857,40.65050644114466
5070,13.932586669921875,6.37227725982666,32.056138062509405,56.95329353333668
50708,18.12090492248535,6.332010269165039,59.75193030050083,30.952629382303844
50709,17.0791015625,6.655797004699707,54.00081649316187,36.123443559910186
5073,14.79687786102295,6.740428924560547,39.1833819415511,51.04577108505446
50737,13.972315788269043,6.947900772094727,33.522849173996995,56.885861403132374
50739,16.496694564819336,6.871493816375732,47.09704218901445,42.819559683449256
5074,14.868175506591797,7.09933614730835,41.614468776895855,49.73940900831978
50740,16.441993713378906,7.192600250244141,48.0708971926758,42.46264361690789
50741,16.49983024597168,6.869898796081543,47.13588820484417,42.77634578105362
50747,12.302175521850586,6.792182445526123,25.430799497499347,66.66666666666666
50749,15.181740760803223,7.159480571746826,41.42108277168406,49.26875468041055
50758,13.978622436523438,6.931369781494141,33.50982139980454,56.895385177150345
50765,14.31753921508789,7.081818580627441,35.800680425426876,54.896594653186945
50766,14.24830436706543,6.848397731781006,34.34026359355851,55.26972114123541
50772,14.268946647644043,6.853160381317139,34.456218267271765,55.14784352194207
50773,13.969332695007324,6.987018585205078,33.671866594943516,56.76707907477139
50774,16.347782135009766,7.147826671600342,47.56139154160982,42.80674454297408
5078,14.023483276367188,7.1942267417907715,35.536881630437236,56.20801194326946
50787,13.627665519714355,7.1463799476623535,34.236049541925254,57.54412831466108
5079,16.745994567871094,6.858787536621094,50.061081249167074,40.51796899293679
50811,14.285906791687012,6.99259614944458,36.11266213259861,55.19236226166394
50814,15.591154098510742,6.6620683670043945,41.37648721097598,48.88748035759088
50822,16.15106964111328,6.39071798324585,44.497200858054725,42.81117563961702
50824,16.210098266601562,6.309760570526123,44.68803146258503,42.757493622448976
50825,16.397064208984375,6.4871039390563965,46.69797654808557,41.05609856513319
50826,16.34160041809082,6.526207447052002,46.52953554328932,41.18660608093684
50829,16.828458786010742,6.677284240722656,49.67324854191554,39.577331178413324
50831,15.644021987915039,6.6331281661987305,41.77300078085527,46.97900877313858
50834,14.767670631408691,7.6050519943237305,40.08888684198407,53.241145857320504
50837,13.8197660446167,6.892521858215332,33.14754914157751,57.86414530977855
5086,17.67690658569336,6.659486770629883,56.855832129810544,34.27349701243168
50864,16.950733184814453,6.8285932540893555,51.612113496707224,39.03346635003795
50868,17.11288070678711,6.878565311431885,53.678036904860704,36.91869311422801
50869,17.565969467163086,6.7565178871154785,56.83417419012214,33.71946362187998
5087,18.53941535949707,6.520421028137207,62.111226566837004,29.480591576160446
50876,17.113889694213867,6.934241771697998,52.48197174750568,38.32608910402055
50877,16.808826446533203,7.391191005706787,52.94680943675459,39.29949798322742
50878,16.919675827026367,7.029097080230713,50.777688758736915,38.470038953504435
50879,15.9918851852417,6.9915924072265625,44.64568863479018,45.79583268195726
50886,16.956872940063477,7.163936138153076,51.84113182167563,39.8407475019216
50887,16.997764587402344,7.1493635177612305,52.08217455442432,39.50690430703006
50895,15.98939037322998,6.967538833618164,45.31988020822865,45.106827728981166
50899,15.602445602416992,7.352855205535889,44.83349028336615,47.08786348200782
50901,17.044198989868164,6.728653430938721,51.401815465931286,38.484813665785744
50908,16.823814392089844,6.907639980316162,51.94318428540412,39.15279222040658
50910,15.426959991455078,7.017991065979004,41.76349000526376,48.12879536788589
50911,14.830145835876465,7.166022777557373,39.609182087004235,51.69649117458769
50912,14.829707145690918,7.171145915985107,39.630521598634274,51.67515166295765
50913,14.829294204711914,7.171167373657227,39.627473096972835,51.67667591378837
50914,14.829607963562012,7.171018123626709,39.628997347803555,51.67667591378837
50915,14.718111991882324,7.872687816619873,41.97818106612895,51.29517605087638
50916,16.479406356811523,6.975749969482422,48.181031735191006,42.49647133815963
50917,16.298137664794922,6.976617813110352,46.89104521499174,43.672389224401165
50920,15.936100006103516,7.264491558074951,46.123053301162535,45.042772537837244
50921,16.624073028564453,7.322854042053223,50.99793392574168,40.72773955428961
50924,16.331056594848633,7.0928826332092285,48.70119171838102,42.07626265399894
50934,16.499788284301758,7.015883922576904,48.741440833252966,42.00742598129039
5094,16.78850746154785,6.245058059692383,49.63398602366291,38.834843977028996
50941,16.473779678344727,6.7856831550598145,46.54575996127949,44.80618389397412
50943,14.227331161499023,6.397726535797119,34.138203306079824,54.043452790300805
50944,17.342052459716797,6.947320938110352,54.24536868870323,36.58508899382492
50948,17.391000747680664,6.488480567932129,53.632490516924925,35.80653414463219
5095,17.517139434814453,6.8244147300720215,56.69894853348091,35.0
50953,12.790373802185059,6.909490585327148,27.802770139267295,64.8993195037573
5098,15.077837944030762,6.671361923217773,40.481846403023354,48.04562019165879
50982,17.13463020324707,6.7793450355529785,52.884248804950296,37.85154989882401
50983,18.489242553710938,6.745081901550293,60.676559225001824,30.69230528587964
50985,18.490686416625977,6.745754241943359,60.67265510758304,30.664299143513684
5099,17.709857940673828,6.768270969390869,56.75269113993928,34.53767595914988
51001,14.025062561035156,6.974936485290527,34.441179311010856,56.73054371369839
51010,10.170278549194336,6.453296184539795,17.14109415202636,77.65592073859337
51012,11.877745628356934,6.778952598571777,23.84985247513933,68.57283357010164
51017,16.92658042907715,6.816535472869873,51.20740085708455,39.30208829331338
5102,17.93113899230957,6.705760478973389,57.80454953606704,33.34206325451461
51020,18.413366317749023,6.800100326538086,61.07013670315216,30.901489171794992
51023,20.788326263427734,5.796051502227783,77.1528866980357,17.808648890880573
51027,15.485495567321777,7.190837383270264,44.07211366259402,47.364720552924474
51028,14.4686279296875,7.104220390319824,37.915503217190725,53.09578730120189
5103,16.136850357055664,6.9569010734558105,46.38216109622289,44.07392425544825
51030,16.96688461303711,6.502252578735352,51.656004534780145,36.04826301724836
51047,14.345585823059082,6.930424213409424,36.779170684667314,53.4391163320768
5105,15.864192962646484,6.875230312347412,46.26818348996183,44.70697155322198
5106,15.775528907775879,6.9132585525512695,46.02034329307057,44.9332485696122
51076,15.365260124206543,7.175524711608887,42.96362665853287,48.56069849016318
5109,15.270329475402832,6.840046405792236,41.14058140477211,49.18554707850469
5110,15.966499328613281,7.014806747436523,45.50428420348348,45.2398938121857
51105,11.951040267944336,6.363081455230713,22.36330430245127,69.37842438097131
51132,13.907873153686523,6.629598140716553,33.38406553003745,56.3982420438805
51156,14.430747985839844,5.802907466888428,29.997195962185547,53.05439833360038
51191,14.475748062133789,7.367848873138428,38.27119488499544,53.158127819756984
51192,17.85416030883789,6.586088180541992,57.06289448107076,33.010527301895856
51211,17.77218246459961,6.679280757904053,57.96972889061374,32.720241725342355
51283,16.638629913330078,6.540018081665039,49.152273226980675,40.65790438032883
51288,14.698293685913086,6.248424530029297,36.09402341565494,51.37012249021341
51292,17.8804931640625,6.8593621253967285,58.859125291474726,33.157026673491444
51309,16.1818790435791,7.465095043182373,48.712295992480556,43.077843288045806
51310,15.9113187789917,7.020050525665283,43.64021588192347,44.63802556797847
51311,15.959331512451172,7.354748725891113,46.70987379869352,43.65402373542187
51312,16.1307315826416,7.1785993576049805,47.824158846417944,41.55556191348135
51314,15.746763229370117,7.092167377471924,44.629166903288095,43.798625702765634
51316,15.775522232055664,7.075493812561035,44.336791563062675,43.776615507731
51317,17.1543025970459,7.203431129455566,54.39633667088132,36.195878754741486
51320,13.142436981201172,7.067665100097656,30.593814432989692,61.422680412371136
51392,15.919697761535645,7.057013034820557,45.801202961135104,45.17401809582562
51395,14.349468231201172,7.278324604034424,37.92319319413047,53.62163752859187
5145,16.014244079589844,6.919483661651611,46.177029075135444,44.18584394543839
5147,17.236766815185547,6.437787055969238,53.048567435359885,36.22641509433962
51487,16.425024032592773,5.965541362762451,44.979204472447336,40.07844816897916
51488,15.129485130310059,6.836785793304443,41.60015531299884,47.62284826782864
51489,14.581722259521484,6.933061599731445,39.24925913730655,50.14022458642262
5149,16.607284545898438,6.765023708343506,48.95710928319624,41.38513513513514
51494,15.149195671081543,6.615699291229248,40.62119694570988,48.359234488923356
51496,15.086122512817383,6.644007205963135,40.39934089367064,48.69740342261424
51497,16.810306549072266,5.980236530303955,48.63195156871808,36.12955593384666
5150,17.14653205871582,6.7816033363342285,53.44942027143442,37.83276137214196
51501,15.413507461547852,6.596375942230225,42.24571603774656,46.432586502538015
51502,15.4277925491333,6.598557472229004,42.34791792053236,46.3371980786046
51504,16.287078857421875,6.079216480255127,44.21852143580511,41.16462248227749
5151,17.29549789428711,6.79018497467041,54.713164170306264,36.155247715763245
51511,15.152997970581055,6.812960624694824,41.53612445861794,47.55004417246655
51512,16.881710052490234,5.94537353515625,49.21049373684625,35.841220892935524
51513,15.144267082214355,6.837477684020996,41.614772996617035,47.46816350276886
5153,13.651046752929688,6.912214279174805,30.53978717776557,61.82424871309691
5154,17.32441520690918,6.598058223724365,54.17686420416767,35.91183668850001
5156,16.727706909179688,6.526373863220215,49.80748455721448,38.940749563724
5158,13.384601593017578,6.604645252227783,28.727054737886554,62.50413428146189
51580,16.66848373413086,7.057300567626953,50.44286107940007,40.466349118870475
51586,17.223953247070312,6.407198905944824,53.823220481045695,35.301794107349366
5160,15.575748443603516,6.690548896789551,43.340976999513586,46.41095128900007
5161,16.808156967163086,6.947761535644531,50.872318519667715,39.8713735667038
51616,14.13041877746582,6.478809833526611,33.30023423973928,55.93619513188715
5162,16.730609893798828,6.6844658851623535,50.80193749214813,39.23421599966498
51620,11.558381080627441,7.018045902252197,24.70474554434185,69.42058549853267
51624,14.520108222961426,7.033076286315918,38.654875933328306,52.43419564069689
51629,17.60995101928711,6.830068111419678,53.89695783044507,36.175808761214526
5163,13.437470436096191,6.7002387046813965,30.36038054882148,61.00596899382729
51647,16.772335052490234,6.592390537261963,50.97569073001586,38.68088088826589
51652,13.719636917114258,6.696391582489014,32.21891206002427,57.40311645641006
51657,11.73823070526123,6.173452854156494,20.541035676473037,70.55947466720596
51662,17.59674644470215,5.986809253692627,55.84351708221406,32.56687223336234
51667,20.147769927978516,6.148555755615234,71.45500910746813,21.623315118397084
51673,11.776516914367676,6.37420129776001,21.786723799578706,70.42831679959671
5168,12.914196968078613,5.947600841522217,23.58533559510849,66.17844393245058
51680,10.286699295043945,6.057832717895508,15.670552622569774,78.47708967729147
51693,19.595470428466797,6.364205360412598,70.42206448737944,22.55148486488207
51695,19.785053253173828,6.174952030181885,72.75760115104273,20.853162995873323
517,14.667673110961914,7.3420023918151855,39.274176179194484,52.681455955201386
51706,16.599763870239258,7.001277923583984,49.52725073220425,41.46026996052464
51708,13.755152702331543,7.0146403312683105,33.659579984443866,58.049001814882025
51712,13.284706115722656,7.501799583435059,32.46845206484081,61.323116607237694
51716,14.758214950561523,6.800323963165283,36.70524994611864,51.89091877226568
51722,10.558347702026367,6.336150169372559,18.235430630827405,75.01262746918215
51723,10.56321907043457,6.3344197273254395,18.240891158041308,75.00307154655782
518,14.730607032775879,6.891979694366455,37.709456955823626,52.41673185392565
5184,16.778921127319336,6.525681018829346,49.27188160676533,38.985200845665965
519,15.18642520904541,7.3993120193481445,42.55410484875771,49.679087834654325
5196,11.367034912109375,6.860872268676758,22.42282075985423,71.21853139530013
5197,12.774681091308594,6.47344446182251,26.464620299615767,63.402840737382895
5199,11.880950927734375,6.462838172912598,23.01096369608805,67.22409453521607
5204,10.464658737182617,6.3672919273376465,17.72897930673186,75.2510259320702
5207,14.714282035827637,6.995384693145752,38.39908412284903,50.34403803693882
5212,15.631343841552734,6.849054336547852,42.40386232075517,46.19412485288113
5219,15.822052001953125,6.984041690826416,44.215249531925885,45.98424688488605
5220,16.243837356567383,7.0202956199646,48.10349205752067,43.02764114477038
5224,15.636297225952148,6.89777135848999,43.24530327428878,47.258185721953836
5229,15.597847938537598,7.235579967498779,44.903554609380045,46.73730727049868
5230,16.053030014038086,6.998476505279541,46.45967436577054,44.12312255458791
5233,16.441059112548828,6.843001365661621,48.53286895951241,41.74836743578581
5234,17.063072204589844,6.598689556121826,52.51971382317614,37.34572736609397
5237,12.10296630859375,6.638432025909424,24.88884916999933,66.88710650371992
524,19.055458068847656,5.971895694732666,65.85020017793595,24.245162366548044
5241,11.175851821899414,7.051268100738525,22.67272987000619,71.10137612494644
5249,13.136287689208984,6.580852031707764,27.51439593000503,60.73684799016045
525,18.06755256652832,6.36403226852417,58.80193722173372,30.539156164077657
5252,16.376508712768555,7.054856777191162,48.69410155109068,42.92324483866505
5254,15.70089340209961,7.149642467498779,43.83641413085675,47.554274793203334
5257,16.791662216186523,6.43426513671875,50.510797342192696,38.29180509413067
5258,16.81231117248535,6.411493301391602,50.54437935227148,38.24472200729524
5259,15.624247550964355,7.1920013427734375,44.34698698006683,46.46128586242655
526,16.056922912597656,7.050674915313721,47.0121017820524,43.53608872714669
5260,13.0203218460083,6.927803039550781,29.322041284736848,62.782724908845275
5261,15.24725341796875,6.601864337921143,39.93929680740919,47.36834640532146
5263,13.986493110656738,6.2109527587890625,30.428816466552316,56.22641509433962
5264,14.83390998840332,6.47224760055542,36.61881835473134,51.118937232524964
5265,15.91002368927002,6.579278469085693,44.744897096375965,44.252786092368055
5266,15.442480087280273,6.571395397186279,41.00402343945642,48.15439322860148
5271,14.760634422302246,7.141037464141846,39.26355378745706,52.064466198693836
5272,14.01729965209961,6.974644660949707,34.44629074588853,57.13198639603684
5275,15.938243865966797,7.354059219360352,50.25311702940301,41.39855250721804
5276,16.179643630981445,6.685762405395508,48.114832535885164,41.97129186602871
5277,16.443096160888672,7.140122890472412,48.961033190657446,42.89459263318473
5278,13.737439155578613,7.262795448303223,33.54422912426629,59.08326696752499
5280,15.366716384887695,6.944169044494629,44.31865884870069,46.16707516893035
5282,16.528785705566406,6.787240982055664,51.336600730412584,38.361594960424675
5283,16.36628532409668,7.062924385070801,48.724807452843244,42.96607173054159
5284,14.913453102111816,7.416980266571045,40.22710763894036,52.113198037268184
5285,12.702597618103027,6.925772666931152,28.2601723584974,63.296744224541946
5286,12.254634857177734,6.671311855316162,24.955719213200336,66.37202640745103
5289,15.26578426361084,7.2573652267456055,43.02218259182779,48.14467179775984
5293,16.52393341064453,6.264878749847412,46.91137300689605,40.16857007333893
5294,15.99634075164795,6.846287727355957,46.73776507967784,42.81298490184971
5295,19.9554443359375,5.2968292236328125,72.1285663870565,18.13529874854087
5296,12.35482406616211,6.204065322875977,23.354427655086315,67.35976580997891
5297,13.81747055053711,7.003640651702881,34.285864231546356,56.5732504132882
5302,13.622349739074707,7.601293087005615,37.15169882738073,55.19366760015857
5307,11.007941246032715,6.492885112762451,19.834952001347332,73.8045247852692
5312,10.828667640686035,6.182410717010498,18.377826205393628,74.46336148188504
5316,10.951920509338379,6.303627014160156,18.950749464668093,74.27018675629523
5319,13.977054595947266,6.588138103485107,32.61887608069164,57.14697406340058
5320,13.22701358795166,6.67210578918457,28.76006794148266,62.58287217138787
5321,13.942283630371094,6.3576130867004395,31.89702249382395,57.18632167468469
5322,13.543895721435547,6.615212440490723,30.200724990531842,60.53490594961135
5323,13.583523750305176,6.5578694343566895,29.594652713067166,60.12293025589563
5324,13.811603546142578,7.25531005859375,34.94218594673782,56.72840475069325
5325,14.292769432067871,6.996649742126465,36.87506480041473,54.64178330741317
5326,15.007651329040527,6.92899751663208,40.61314606960141,50.47172564047698
5329,17.907527923583984,6.737130165100098,57.828214596655556,32.940046233750635
5330,16.762584686279297,7.163248062133789,50.445312823628505,41.342980627166156
5333,17.121593475341797,6.6185688972473145,53.603737650279726,36.48523985239853
5335,15.012748718261719,7.037117958068848,40.00468616478761,51.58089147393665
5337,17.81732940673828,6.669159412384033,56.99898845650363,33.09532309889325
5339,15.308028221130371,7.2112135887146,42.877048727995145,48.46448871475084
539,17.093704223632812,7.130954265594482,53.81194057395958,37.65617790901541
5403,15.730026245117188,6.994544982910156,43.89815010199057,46.708166279805866
5405,15.178173065185547,7.673852920532227,43.50389438453877,49.24803424831264
5406,15.075413703918457,6.991329669952393,39.95519348268839,50.86625933469111
5414,10.684403419494629,6.524181365966797,18.91039567185726,75.2939857317056
5418,14.811469078063965,7.324995994567871,39.97937435544861,51.76349260914404
5422,12.63321590423584,6.678705215454102,27.63095351269132,62.429888772697026
5443,13.11052131652832,7.399747371673584,32.0293021462537,60.69142783703894
5446,13.467428207397461,6.835472583770752,31.250631608926128,59.73596450128159
5452,12.182424545288086,6.509888172149658,24.623684665838276,66.99749909558489
5453,12.408894538879395,6.605549335479736,25.47969726470496,66.04434255566373
546,15.730679512023926,6.820214748382568,44.20105424411662,45.94164264260642
5496,15.153064727783203,6.71055793762207,40.36447951836635,49.31049912541187
5497,10.024203300476074,5.812105655670166,14.257982120051086,79.93869731800767
5503,15.22403621673584,6.676913261413574,41.22454644915822,48.2315191299662
5507,14.217402458190918,6.680183410644531,34.232496141433984,55.680861512557875
5508,14.09481143951416,6.563007354736328,32.73696656033194,56.86862828206215
5521,13.156957626342773,6.608548641204834,28.565402877871243,61.552459688110105
5522,14.660640716552734,7.130130767822266,38.24708649631135,53.219555222923134
553,18.229915618896484,7.16099739074707,61.00167187613579,32.00007269026678
558,14.559063911437988,7.281018257141113,38.144695080480616,53.62871231013375
559,15.221589088439941,7.0887017250061035,41.0766935243211,50.12951357803641
5605,17.629837036132812,7.223097324371338,56.11635367867163,35.79741466099306
5641,17.47737693786621,6.528687000274658,55.506344980720336,34.61983836116848
5643,13.26330280303955,6.457235813140869,27.59408962619568,61.70517093853365
5645,13.366610527038574,6.543680667877197,28.972828324413342,61.654744750926305
5659,14.01339054107666,6.946277141571045,34.8685796961659,55.45468730052908
5660,15.416850090026855,7.3051300048828125,44.46624216528953,46.762207185489366
5715,14.99193286895752,7.240527629852295,42.453048623617185,48.76382814509905
5724,15.145550727844238,6.5165324211120605,39.60492560287327,48.68137506413545
5725,16.61664581298828,7.004059314727783,51.224032142523434,39.56146634690255
5733,13.825222969055176,6.7482829093933105,31.892678532241487,57.67893648722006
5750,17.183218002319336,6.710145473480225,52.64891026328284,37.83216676111562
5774,16.276918411254883,6.929769039154053,46.70831384601679,44.20502884122848
5793,15.102121353149414,6.893708229064941,39.097950981570854,51.055424832111015
5794,14.944234848022461,6.836544513702393,40.833570364917094,47.91272775946593
5853,14.875414848327637,7.083947658538818,41.57466513185433,49.14190037672667
5857,16.30033302307129,6.748016357421875,47.68914171865988,42.12499344623289
5863,17.662086486816406,6.420994281768799,56.65195627096761,32.92482881967595
5864,17.630491256713867,6.4187703132629395,56.196597033256744,33.1042807076985
5865,18.11101722717285,6.486155033111572,59.67869089979332,31.077280378411782
5866,17.672636032104492,6.402606010437012,56.473363018117595,32.818961596632434
5877,16.454652786254883,6.656914710998535,48.474831090260295,40.44867498686761
5878,17.644468307495117,6.513772010803223,56.41748942172073,33.17239882825214
5879,16.447214126586914,6.631894111633301,48.29965365840356,40.65923077622333
5880,17.66185760498047,6.4927215576171875,56.65859782863956,33.14485972867027
5890,14.895148277282715,6.731755256652832,38.4370906435888,50.90407370025984
5899,14.49591064453125,6.314957618713379,33.952473685507925,53.99462617398378
5907,15.03347110748291,6.74520206451416,39.407495654076655,49.96656982044955
5918,16.297264099121094,7.20891809463501,48.59471083110122,42.87735315199759
5919,18.3414306640625,6.515872001647949,60.87789776287178,30.993624000294844
592,11.347277641296387,7.010646343231201,23.224352866444338,70.86013180879785
5920,18.17038917541504,6.711798667907715,60.59349368721777,31.42567505299051
5921,17.736059188842773,6.795777320861816,57.876870283932625,33.84130029703153
5922,18.218427658081055,6.687439918518066,60.74537139485137,31.247694917754664
5926,18.59865951538086,6.310125350952148,63.02591784388041,28.346923930936796
5927,18.3184871673584,6.605734348297119,61.47559808612441,30.250717703349284
5928,18.965383529663086,6.27451753616333,65.21274157818348,26.63089145214269
5929,18.603914260864258,6.472836494445801,63.45215687780893,28.49652364306841
593,13.386311531066895,7.348945617675781,33.27769201080664,59.41431879583172
5930,19.000988006591797,6.268056869506836,65.43940264215968,26.47329121194716
5931,18.315034866333008,6.5940375328063965,61.45597978018611,30.27610768582698
5934,16.30888557434082,6.869405269622803,47.78648188160938,42.89399289922805
5935,17.412128448486328,6.691956996917725,55.25931040084474,35.44247248507493
594,13.737887382507324,7.335545063018799,34.88618817029233,57.64960452096092
5942,14.742283821105957,7.127625465393066,39.27524068131326,52.0987410515922
5946,14.660099029541016,7.201409339904785,39.3431062908448,52.267445325070014
5950,15.866974830627441,6.640757083892822,44.62099684368886,44.86484891987296
5951,15.81906509399414,6.683740615844727,44.546000137739696,44.984799441170395
5954,16.390626907348633,6.8259663581848145,48.07773919753087,42.53375771604938
5958,16.36179542541504,6.884718894958496,48.15351334646734,42.56383512960173
596,13.368306159973145,7.5562424659729,33.47170958356854,59.707325546050626
5964,17.52425765991211,6.853429317474365,56.61215599502144,34.728944820909966
5965,17.574216842651367,6.7689337730407715,57.48499878602893,34.246123963788975
597,15.113153457641602,7.0972113609313965,40.799904467082484,50.16947907002379
5970,17.002975463867188,6.86021089553833,53.247356485149865,38.03655837591191
5971,17.785715103149414,6.701340198516846,57.967648942985264,33.45077941490497
5972,18.04534912109375,6.525351047515869,59.284188034188034,31.947115384615383
5975,17.620473861694336,6.819154739379883,57.28046535208261,34.38375536996025
5984,14.376773834228516,7.444544792175293,37.28265107212476,54.78362573099416
5985,14.642057418823242,8.149550437927246,41.268550780745905,52.802942315137436
5986,14.796703338623047,7.91527795791626,41.46417203633258,51.974484382682505
5987,20.229867935180664,6.032558441162109,73.06622516556291,20.009933774834437
5988,16.043060302734375,7.188426971435547,45.73929550727694,45.28712296983758
5989,14.44062328338623,7.7105255126953125,39.40294228789597,53.356006411008174
5990,14.841552734375,7.8686933517456055,42.12471915983072,51.24745284497622
5991,19.56212043762207,6.524883270263672,67.9586276808059,25.152849494725505
5992,15.016961097717285,6.7294487953186035,38.43340562321147,51.161984934618296
5993,14.172834396362305,7.030797958374023,35.86641096166949,55.326907063009415
5994,13.933914184570312,7.140248775482178,34.96176077134708,56.54736363865822
5995,17.10150146484375,6.87716007232666,52.90140308551838,37.29763189638753
5996,14.015226364135742,6.92104959487915,35.960268839588416,55.2727056444418
5997,13.93311882019043,7.133103847503662,34.44914583992407,56.09577665295793
5998,15.642398834228516,6.385178565979004,41.877766012326575,46.93464744372947
5999,16.76520347595215,6.099079132080078,50.53606677934175,37.02666787082791
6000,16.814424514770508,6.063108921051025,50.633360666772745,36.54521644412351
6001,13.400904655456543,6.896427631378174,31.57168483510418,58.702123045989474
6002,16.781757354736328,6.139816761016846,50.830208891269415,36.81740505521973
6003,16.726146697998047,6.144611835479736,50.51888538568565,37.141471260259635
6004,16.414457321166992,6.2997026443481445,48.89782014679393,39.20304860864344
6005,17.007732391357422,6.2429585456848145,52.39573401920134,35.99476730005986
6006,18.382911682128906,5.910803318023682,61.57383949799276,27.894921463927975
6007,16.849056243896484,6.141712665557861,51.27492745570167,36.47589059702414
6008,16.61989974975586,6.2399516105651855,50.03247031722887,37.80402631933638
6009,16.946569442749023,6.082429885864258,51.83005616180741,35.73374953624931
6010,16.743165969848633,6.153209686279297,50.660213515860455,37.0549624559432
6011,16.435462951660156,6.298832893371582,48.98542440697342,39.050908955353705
6021,13.849588394165039,6.8970441818237305,33.663452539015736,56.796465185120695
6022,16.16874122619629,6.701583385467529,46.07248901867439,43.92039459154377
6023,14.483410835266113,6.5078325271606445,35.71809219291234,51.90847322142286
6024,16.423261642456055,6.197299480438232,47.285910738842354,39.95249406175772
603,11.73862361907959,6.434321403503418,23.109395880949705,68.37273783206564
6030,17.79781150817871,6.518470764160156,58.29671749806151,32.7919933373539
6032,17.843204498291016,6.6406426429748535,57.389328491990085,33.455508740679846
6033,16.49182891845703,6.768881320953369,47.677549228334975,42.14293406675338
6034,16.75950050354004,6.850423336029053,50.29872138731605,40.08543005946046
6035,15.52404499053955,6.924375534057617,43.255867296404034,46.63288605298552
6036,14.774052619934082,7.1705427169799805,39.661998777668536,51.74713682140675
6037,17.792152404785156,6.641382217407227,57.20611276368673,33.58046277163423
6038,18.25289535522461,6.257321834564209,61.26186738431636,29.5746430440308
6054,14.474299430847168,6.929232120513916,36.94953302109026,54.065626472299975
6055,15.588830947875977,6.9134745597839355,42.80710429801788,47.75758574744852
6058,16.13239860534668,6.599273681640625,46.328212813787935,42.70221889180301
6059,15.802842140197754,6.736697196960449,44.0243290694758,45.52503971239863
6061,14.797823905944824,7.043865203857422,37.74763209936509,53.67588384276446
6064,13.408331871032715,7.155498504638672,32.17289141726441,60.56764778629731
6069,13.775182723999023,7.6969990730285645,37.17041974907189,57.06853101373872
607,11.669159889221191,6.65376615524292,23.51005804643715,68.56610288230584
6070,17.200679779052734,6.841911792755127,52.95036727405543,37.973296538289844
6078,14.859721183776855,6.452294826507568,36.055314732279136,51.84077171988521
6079,14.5780611038208,6.683814525604248,35.63519641910595,53.03757582896519
6084,14.070676803588867,7.068967819213867,34.55296264285028,56.27965043695381
6085,14.112432479858398,7.052287578582764,34.675420249438375,56.04810597257727
6086,14.12220573425293,7.051623344421387,34.730997511009,56.05590656710703
6087,14.69779109954834,7.3500752449035645,38.986476794074306,52.39883676955779
6089,12.575390815734863,6.506279945373535,26.422805320086066,64.69305529481422
6093,12.407410621643066,7.052324295043945,27.23273144167383,64.8280309544282
6094,12.267168045043945,6.956540584564209,26.58545684113866,65.68095730027548
613,17.093774795532227,6.902798652648926,53.30289460590628,37.830362630608484
6134,11.890996932983398,6.749602317810059,24.218820525385915,67.944237390867
6138,12.516580581665039,6.60890531539917,26.067888331773126,65.07226119182879
614,14.353309631347656,6.8174872398376465,36.22507955988755,53.85383814022519
6151,14.936480522155762,6.663638114929199,39.51142400834392,50.08800234672924
6156,15.580703735351562,6.711922645568848,43.30678938002193,46.17569340835146
6159,16.3470458984375,6.99058198928833,48.130467893827664,42.34634173523785
616,15.290969848632812,6.594980239868164,40.84405767174306,48.36277148862421
6160,15.716279029846191,7.212825775146484,45.06784011734507,46.58299163249659
617,12.010393142700195,6.83200216293335,24.377529072946665,68.26765338485656
618,12.217669486999512,6.561732769012451,23.84305973120272,67.64822975440332
619,14.661904335021973,7.108584880828857,38.861816685034455,52.32031654561629
621,16.877824783325195,6.495466232299805,49.19331064240345,39.132473936697664
6212,16.588733673095703,6.487820148468018,48.421376299120595,40.55962117950925
6217,16.123924255371094,6.623476982116699,45.036041939711666,44.35001638269987
6218,15.754552841186523,6.7485809326171875,42.92045819505406,46.708061235413766
6219,15.822890281677246,6.786599159240723,43.18587496505301,46.878427493064365
622,15.368618965148926,7.190850734710693,41.99938431062867,49.68613226613842
6220,16.959983825683594,7.271868705749512,51.44816730380032,40.65887114908928
6222,16.6341495513916,6.627353191375732,49.093786264373875,40.746914231459016
6223,16.422576904296875,6.685859680175781,47.42942050520059,42.528125663341115
6224,16.612571716308594,6.634824752807617,48.99187163517365,40.990182624300644
6225,15.704224586486816,7.421120643615723,43.65775114053135,48.65372573575454
6227,16.094175338745117,6.7398481369018555,44.61335786876333,45.80109572999875
6228,16.072431564331055,6.709564208984375,44.45114721361263,45.840700601169054
6229,14.404540061950684,6.9782538414001465,34.99812350241058,56.34400531193163
6231,16.166149139404297,6.751789093017578,46.34196934182414,43.76361260345579
6232,15.962873458862305,6.7184295654296875,44.75533276003104,44.92522599995805
6233,16.636249542236328,6.693856239318848,49.25301904801427,40.691787359422335
6234,15.769240379333496,7.38334846496582,44.31609747576207,47.63079744955891
6235,13.42928409576416,6.635915756225586,30.727847627039907,60.210396966926915
6238,12.126111030578613,6.658506393432617,24.78767369649634,67.3667134016986
6239,14.852926254272461,6.23943567276001,36.13935969868173,51.3754889178618
624,16.29397201538086,6.605476379394531,47.23635965632354,41.855469818858424
6241,10.487159729003906,6.3584489822387695,18.4669711798281,75.64018093115881
6244,12.662707328796387,6.406103134155273,25.526997176670225,65.31254114308285
6245,9.98993968963623,6.125924587249756,16.34825551469217,79.32130308613885
6246,13.168301582336426,6.337648868560791,27.700570123142594,62.07929621354068
6248,11.621637344360352,7.164134979248047,24.87271781083308,68.95962530898998
6250,16.014225006103516,6.459007740020752,44.512055714813314,42.95914598758376
6255,10.348169326782227,7.779236793518066,23.801235613259323,70.73572302192116
6256,11.511395454406738,7.096304893493652,23.501182301255596,69.82296020312896
6257,10.153961181640625,6.9291276931762695,19.18001595777328,76.49121884069407
626,17.255239486694336,6.666358947753906,51.67281859398965,37.654851595287454
6262,14.693126678466797,7.106592178344727,37.873185056283646,53.36886181956605
6265,17.74071502685547,6.878166198730469,58.195043699524284,33.47300586348047
6268,12.61114501953125,6.7278947830200195,26.51794075765545,65.40390758296878
6269,14.550601959228516,6.621756553649902,36.017292315413656,51.78113130068781
627,15.236796379089355,6.870793342590332,40.96045945373703,48.62507939868728
6273,16.58824920654297,6.759606838226318,49.03957075788062,41.03286384976526
6274,12.469472885131836,6.68550443649292,26.889557185380674,65.53687053119343
6275,15.892095565795898,7.031771659851074,45.83385384134916,44.92053577625095
6280,18.8232421875,6.447147369384766,63.54880808815027,27.989691573191482
6281,16.067148208618164,7.318823337554932,47.48804250298495,44.358958055149316
6282,15.186290740966797,7.2856035232543945,42.128469715628405,48.88601072940111
629,13.258151054382324,6.684910297393799,29.130584719135566,61.86872557284083
6290,14.541754722595215,6.08681058883667,33.297691373025515,52.143377885783714
6296,14.615819931030273,7.350628852844238,38.76202673997251,53.18786704985631
6297,10.826542854309082,6.827357292175293,21.301511720186596,72.62063759363568
6298,16.472570419311523,6.827177047729492,48.92892869873173,41.44350285733997
6299,10.508967399597168,6.791587829589844,19.98104228730607,74.02793360931636
630,13.796652793884277,6.605561256408691,31.930928079753144,57.797294089722286
6300,15.798651695251465,6.747918605804443,44.65678989411109,44.814694408322495
6305,11.568089485168457,6.772176742553711,23.413503887250585,69.60859407912375
6307,10.787402153015137,6.870708465576172,21.449003561415473,72.60835796014246
6308,10.997840881347656,5.941098213195801,16.736735621943183,75.26797895147145
632,12.82315444946289,6.995049953460693,28.41481292625406,63.179616291669326
6320,14.840964317321777,6.867989540100098,38.70162062684269,51.3793168203414
6323,15.100140571594238,7.412675857543945,42.24015356178018,49.97867197497512
6326,14.725557327270508,6.545935153961182,36.05321415145566,52.811077231527506
633,16.70899772644043,6.615464210510254,48.480083857442345,40.42761920120411
6331,13.515182495117188,6.015017509460449,25.289450946508524,63.13094022464849
6332,16.16684913635254,6.484494209289551,43.90236274647778,44.58882581976826
6333,13.765847206115723,6.018750190734863,27.2525353397958,58.246526283166034
6334,16.662120819091797,6.0650105476379395,49.45377905274867,36.8303963468181
6335,14.05187702178955,6.549663543701172,32.197910321885395,55.97971231785597
6336,16.573076248168945,6.029393196105957,44.77971225438056,40.292224150478646
6337,17.20828628540039,6.739955902099609,53.75892610867633,37.41303748199454
6339,16.416372299194336,6.985315799713135,48.611727135633814,42.78512079008841
6341,13.380836486816406,7.012818336486816,32.76031635454657,57.834077777322456
6342,13.693086624145508,7.370116233825684,35.367275553828215,56.382064761593064
6344,13.165302276611328,7.012448787689209,30.17252922696606,61.75104290055107
6345,13.533982276916504,6.803795337677002,32.12076170989007,58.92924359852909
6346,14.874090194702148,7.127709865570068,39.37589817285978,51.78206421322289
6347,16.212791442871094,6.8589768409729,45.99849863595583,44.379954959078674
6348,15.657666206359863,6.186216354370117,44.393532095145,42.82034050179212
635,15.686822891235352,7.421584129333496,45.46448524607651,46.861874474979
6353,16.915266036987305,6.794717788696289,52.909952830746306,37.69402641005332
6354,17.551176071166992,6.773034572601318,56.51435866500189,35.05702781947503
6356,20.556745529174805,5.404807090759277,75.08752804042014,16.752971760414265
6362,11.959471702575684,7.464895725250244,27.411054971469913,67.45819671174694
6366,16.805171966552734,7.3380632400512695,52.86521672717873,39.312864981728886
6367,18.000715255737305,6.6099162101745605,58.51438354512793,32.44797569385836
6368,13.791105270385742,7.179335117340088,34.110121897870634,57.08863902387117
6369,15.780802726745605,7.220571517944336,45.26091467972821,44.74879221663115
637,14.621779441833496,6.712047576904297,36.54176646504012,53.48786857738265
6370,14.933587074279785,7.219086170196533,40.78849807683396,49.949024514574354
6386,14.982416152954102,6.6370134353637695,37.97349848768544,47.54572951173844
6387,14.914023399353027,6.594253063201904,36.874025298908336,48.3408421417432
6388,15.86823844909668,6.323726654052734,41.91514665214712,43.02847071972031
639,16.302532196044922,6.7977375984191895,47.50389387185133,41.16493904076481
6395,14.88527774810791,6.605503082275391,36.99305335370248,50.021618193871966
6396,14.96442985534668,6.627243518829346,37.69022755386784,48.00926325479704
6398,11.457104682922363,5.544740200042725,15.490391706068623,75.69079946210906
6399,11.586043357849121,5.8480024337768555,18.15904280592631,73.71027889364031
6400,11.304267883300781,5.719944953918457,16.614600578725362,75.48191123331846
6408,14.899441719055176,6.889823913574219,39.60101061732362,46.508842901581644
6409,14.757328987121582,6.925943851470947,38.50044931443314,47.456300547873724
6422,14.43673038482666,6.960355758666992,35.574617720709675,55.355906015237885
6423,13.265380859375,6.8522419929504395,29.989608847324277,60.52351616813875
6424,13.492314338684082,7.15422248840332,33.0681410513432,58.627893726127425
6445,17.706710815429688,6.473263263702393,57.55666411736078,32.74177848849336
6452,16.93731689453125,7.076620578765869,53.64052382396771,37.76227465150936
649,12.087726593017578,6.981968402862549,25.400742473337484,67.78609901075085
650,8.865721702575684,5.750394821166992,11.83172060734162,83.74895770714964
652,9.016061782836914,5.700562477111816,11.939580527227246,83.47298266482412
6562,9.156834602355957,6.812884330749512,17.77825357741855,78.52121471648289
6576,12.875475883483887,6.289929389953613,26.221796686370823,63.64998751144783
6577,12.15992259979248,6.341060638427734,23.541971948921915,67.72032656478962
6598,11.728677749633789,6.913968086242676,23.879854601109624,69.29405012435431
6599,12.43417739868164,6.741281986236572,26.1051224199883,64.82827776385058
6613,15.595955848693848,7.333325386047363,45.519570549966225,45.339685022574564
6614,15.551692008972168,7.172410011291504,44.44013100313391,46.210367316976765
6624,15.366156578063965,7.223488807678223,43.5131542469629,48.005715219972
6625,16.33491325378418,7.585822105407715,49.89353451314955,42.73355425509413
6638,13.213014602661133,6.562299728393555,29.36905203312322,61.47262390310221
6644,14.451680183410645,6.734799861907959,36.36151617813129,51.84489615554574
6647,13.548147201538086,7.288518905639648,34.54954346036154,56.578963538274365
6648,13.492424011230469,6.737226486206055,31.928744448930157,58.51668685237519
6649,12.565783500671387,6.904211521148682,28.16972724817715,63.88232514177694
6650,13.919431686401367,6.956891059875488,34.85859055891629,55.61932337176637
6653,14.666865348815918,6.803225040435791,39.170000621877655,52.065670280466826
6668,10.139098167419434,6.465555191040039,17.14228346259067,77.70373716838591
6669,9.723397254943848,6.263644695281982,15.435645175422128,79.6265004443443
6673,13.427918434143066,6.41206693649292,29.571148028236294,60.349769120535
6676,17.281667709350586,6.836313724517822,53.5392202118916,37.39402605298416
6677,16.9984188079834,7.066617012023926,52.13565432933356,39.36679623683173
6680,11.918366432189941,6.707834720611572,24.097460485561545,67.80887995879908
6681,14.811058044433594,6.940573215484619,38.845077588399896,51.03027219537013
6682,12.5941801071167,6.967883586883545,27.918255158606932,63.55509451664696
6683,13.446280479431152,6.842349529266357,31.409001956947165,59.78234929120328
6690,12.065820693969727,7.156996250152588,26.36957632554549,67.12255791957034
6691,16.038318634033203,7.143893718719482,46.364764533453155,44.59100926460834
6692,17.232421875,7.0230937004089355,54.27257977285019,36.91055654279018
6706,8.679795265197754,5.3417816162109375,10.01582673885881,86.14244064972928
6708,12.932394981384277,7.414021968841553,31.457464290228792,62.285425357097715
6709,12.415249824523926,7.004246234893799,26.753189292825013,66.09640390335029
6710,13.85665512084961,7.3237738609313965,35.44171976891225,57.1297513079269
6711,12.152767181396484,7.035208225250244,25.89605956415267,67.77401241744379
6718,16.173368453979492,7.209169864654541,45.952786048490005,44.9808592088473
6721,16.165990829467773,7.169090270996094,45.763474278236686,45.053978899157606
6724,15.395906448364258,7.434993743896484,42.601435938251335,49.48017708799682
674,12.627327919006348,7.099551677703857,28.069911246223494,63.49989176368719
6740,16.92228889465332,6.697299957275391,51.59053009247562,38.49613421597857
6741,16.317991256713867,6.640913009643555,47.304288897866634,41.93371821771598
6742,16.226703643798828,6.633237838745117,46.62795542131028,42.56197271117592
6744,17.214038848876953,6.624510765075684,53.83143595140151,36.42153312104522
6745,16.561429977416992,6.550220966339111,48.56366668459842,40.507827209640105
6746,16.528732299804688,6.533412933349609,48.53294788317618,40.560073487693515
6749,12.697240829467773,6.679828643798828,27.586969805516343,63.64019469436777
675,11.651034355163574,6.416018962860107,21.57496393712883,69.53389909889657
6755,13.237844467163086,7.584850788116455,34.0350419959011,58.2398445737031
6759,11.735828399658203,6.132509231567383,20.21622055030669,71.96482741109968
676,11.649063110351562,6.020715713500977,18.829354883916476,71.22156304012705
677,10.888849258422852,6.274118423461914,18.53102891778791,74.199178066768
6775,12.099157333374023,6.736202716827393,25.075623239803903,67.4489760439484
6784,17.197298049926758,6.643932819366455,52.65087053279225,37.402053372730165
6787,17.850177764892578,6.549532413482666,57.38054125582972,33.367760259492954
6789,16.432138442993164,6.979304790496826,48.79451448794514,42.06665192066652
679,14.95278263092041,7.336764812469482,42.387306321744305,49.26830667307182
6793,16.348770141601562,6.591518878936768,49.13201846821056,40.95289144444309
6796,16.511695861816406,6.644288539886475,48.42333954065798,41.047486033519554
68,12.688337326049805,6.749597549438477,26.99886066617519,64.71248575832719
680,13.470845222473145,7.497646331787109,34.73610854322814,58.05114274742935
6801,16.457494735717773,6.3730926513671875,47.42510714840888,40.7208367569008
681,15.3076753616333,6.825581073760986,41.68488885670842,48.63369777713417
6810,16.476613998413086,7.076913833618164,48.12149726700339,43.33702345533799
6814,14.657084465026855,7.269341945648193,39.66308404543879,51.94460873289417
6815,15.565342903137207,7.357898712158203,44.72193035124587,46.91534073851697
682,11.747171401977539,6.7943925857543945,23.632452366318375,69.61175988526941
6825,14.44195556640625,7.205582141876221,37.17171147282011,54.67855228638325
6826,14.663213729858398,7.290843963623047,38.59322559720225,53.41681473333897
6828,14.866198539733887,7.394715309143066,40.24729520865533,51.96852606435296
6830,17.122106552124023,6.4860405921936035,52.97281265447356,36.84824518042511
6836,16.704208374023438,6.762421607971191,48.98435870698644,40.81056656239138
6837,15.612265586853027,7.05410099029541,43.40238869605619,46.70529394080188
684,15.651750564575195,7.0502142906188965,43.30180502694351,47.16339450578438
6846,14.430330276489258,6.970616340637207,37.10582876206974,53.74843614666538
6847,16.819690704345703,6.814515590667725,51.07099226279354,39.39866974345052
6848,16.315004348754883,6.6958088874816895,47.141756850253905,42.728091589102256
686,11.988839149475098,6.644947528839111,23.998407311200015,67.77364858459262
688,16.05839729309082,6.588571071624756,46.531849259466384,42.86706474482709
69,14.45759105682373,6.699236869812012,35.402687371362596,53.506467428590554
6902,16.13492202758789,7.392770290374756,49.37418210984001,42.93131833340369
6903,9.484262466430664,6.105175495147705,13.735939423579607,81.45100089380576
6904,14.761311531066895,6.905534744262695,37.95866722901729,51.957823703078866
6906,14.701800346374512,6.510818958282471,35.523368672539945,53.3799782418567
6907,15.223873138427734,6.56046724319458,39.02569022492271,49.50218526809508
693,17.583045959472656,6.0930609703063965,56.70746034854122,31.47444683767378
694,15.891340255737305,7.290933132171631,48.48013763226896,43.59460663909876
695,18.57447624206543,6.747427940368652,63.253004467375575,29.099603599068775
696,17.6672420501709,6.684174060821533,56.23391894566495,34.20767699346862
6965,14.979369163513184,6.447574138641357,38.54188069310322,47.59719653904983
6969,15.120259284973145,7.352883338928223,41.816448645358385,49.23682971368194
697,16.865503311157227,6.8177595138549805,50.32549378099116,39.71993684035569
7016,12.023615837097168,6.759955883026123,24.64075630252101,66.8172268907563
7018,13.40379810333252,6.487403392791748,29.364719171381605,60.66886528899781
7019,13.638663291931152,7.068385601043701,33.01383029849949,58.80546804079672
7020,13.414830207824707,7.110682964324951,32.172320217096335,60.31886024423338
7021,14.945125579833984,7.406181335449219,41.137610039037185,51.41687607668358
7023,12.748169898986816,6.820128917694092,27.724665391969406,63.11824736805731
7024,13.89398193359375,6.588372707366943,33.257262690433606,56.52501079380744
7025,14.05114459991455,6.750722885131836,35.16328417773884,55.446050518323844
7026,12.573343276977539,6.7549567222595215,27.208078509458115,64.50433793201536
705,17.228395462036133,6.913406848907471,54.05202569484195,36.91280290020988
706,17.451656341552734,6.791787624359131,54.928426312962664,35.78801111552203
707,16.62006187438965,6.906724452972412,48.783314020857475,41.34801081498648
7075,12.435270309448242,7.3842010498046875,29.637462235649547,63.81608761329305
7077,12.189434051513672,7.1380462646484375,26.786632390745503,66.30848329048843
7078,9.16159725189209,5.844017505645752,12.76727734808841,82.67412425082297
7092,11.618183135986328,7.050576686859131,23.65476007971792,68.53288364249578
7093,12.315959930419922,5.826511383056641,19.42957657997236,71.09184570925996
7102,13.640654563903809,6.842679500579834,32.69187231152365,58.21891355591365
711,17.528514862060547,6.826249599456787,55.9721154003502,35.343402772095764
712,17.60759925842285,6.62965726852417,55.76207048525098,34.48123888694701
714,16.266122817993164,6.696705341339111,46.03160894723206,44.14025390793678
7173,13.918804168701172,6.753490447998047,34.31111371332104,55.32070610966363
7174,14.945249557495117,6.982427597045898,40.1257483744984,50.32831913478252
718,17.099395751953125,6.904621124267578,53.54579123039641,37.60078033316569
7185,14.246843338012695,6.804286003112793,35.393318912781766,54.13187953293074
7186,14.066383361816406,6.7454447746276855,33.79210880715193,56.37589661792376
7188,13.402405738830566,7.3042449951171875,31.879986644714876,60.798784208526655
7189,13.905922889709473,7.794376850128174,37.39869461479305,55.183089148738986
7190,12.905811309814453,7.605041027069092,31.6374374014884,61.41337962131641
7191,12.902742385864258,7.611909866333008,31.66966033623282,61.42808129326526
7192,13.001593589782715,7.707160472869873,32.771876162526354,60.34183441491341
721,14.063050270080566,6.909725189208984,34.945666347909246,56.319221072763625
7222,11.032812118530273,6.555814266204834,20.236624018610062,73.03903751090434
7239,10.847162246704102,6.419234275817871,19.57465019793388,73.91552443562097
724,15.154268264770508,6.956995487213135,41.02189436968254,48.92413565553487
7243,11.782760620117188,6.493841648101807,21.96570561188919,70.26378261982296
7260,11.715645790100098,6.55290412902832,22.3440164554069,70.05414813382325
7284,15.829941749572754,7.092268466949463,45.74239102009616,44.770775079962185
7291,13.792859077453613,7.835541725158691,38.006615598885794,55.04352367688023
7293,15.0239839553833,7.5345988273620605,42.0375435106912,50.78526437924747
7294,13.382123947143555,7.1530561447143555,33.08288071918827,58.29743634941445
7299,13.464591979980469,6.865287780761719,33.16868275627412,57.258509227863094
73,14.721394538879395,6.785453796386719,38.11317755523764,52.26037195994277
730,13.468360900878906,6.683630466461182,30.47509772790949,59.769455525462625
7304,13.503496170043945,6.867602348327637,33.23495655025414,56.899257489518185
7310,14.219321250915527,7.4815850257873535,38.060739922694644,54.00220872446162
732,16.608009338378906,6.156280040740967,46.98255846351023,39.504430038820885
7329,19.247291564941406,6.095698356628418,65.60306893828275,25.10210989506939
7332,12.822815895080566,7.222713947296143,30.9610805484851,61.935503735938916
7334,16.814659118652344,6.905656337738037,51.35162809748106,39.89862789268892
7336,14.8980712890625,6.829923152923584,38.91784846277854,50.058510159491334
7338,15.916056632995605,6.909498691558838,45.75905159323788,44.65340186936911
7343,15.520594596862793,6.9963178634643555,43.77155920233503,46.62911028106056
7344,13.489289283752441,6.495046615600586,30.032225274131108,58.99171659060926
7348,15.02247142791748,6.6890869140625,39.78550990542341,48.48961404888277
7350,14.388384819030762,6.247532367706299,34.17199776737796,52.64909192391911
7358,13.441949844360352,7.3736252784729,33.279603937597145,58.08723351179168
736,12.530024528503418,6.344998359680176,24.68198451619327,66.19451843369595
7360,13.847356796264648,7.057682991027832,33.82731344705994,57.394215191079766
7362,13.492939949035645,6.664644241333008,29.404567157429945,60.49954115628616
7365,14.609743118286133,7.409374713897705,39.107740308670444,53.1764798226077
739,11.86496639251709,6.2838873863220215,21.485957885367625,69.74913920314806
7399,17.093536376953125,6.735729694366455,52.856926723485806,37.64688083110595
740,16.759910583496094,7.953989505767822,54.516710718079196,38.737247733616584
7410,17.91766929626465,6.70933198928833,57.470822111068365,33.45645761190201
7411,17.64611053466797,6.770684242248535,56.38686131386861,34.29295130188474
7412,16.3553466796875,6.630120277404785,47.706914123263424,41.11730944590463
7413,17.512849807739258,6.664793968200684,55.081384567837645,35.28124034202122
7421,13.600617408752441,7.405888557434082,33.84963917985007,59.18086825928142
7427,14.22191333770752,7.090060710906982,36.470563053180214,54.270792084506134
7430,13.530734062194824,7.464012145996094,33.90765346247775,58.80520716917091
7444,12.111493110656738,7.2473859786987305,25.191232794412677,68.16470159101394
7457,16.40631675720215,6.9531660079956055,48.152853598014886,41.629776674937965
7458,16.77869987487793,6.679446697235107,49.66273292702767,39.519691641533285
7459,10.387928009033203,6.233260631561279,17.560874681563668,75.16261266503732
7464,12.027969360351562,6.920100212097168,25.838747078418024,67.49544509266245
7470,14.843795776367188,6.729015350341797,38.21482602118003,51.692721465792566
7473,15.675381660461426,7.188537120819092,44.69177499971666,46.6604708095794
7474,14.373494148254395,7.40287971496582,38.701505673033466,52.99350633904998
7481,10.832306861877441,6.574376106262207,19.969049829774065,73.29825647374393
7484,12.515315055847168,7.065067291259766,29.050805738240836,62.87835083266028
7485,16.228811264038086,7.565860271453857,48.77528046271496,43.725010675051436
7498,16.122404098510742,7.059427261352539,47.840958844133105,43.22186952714536
7499,16.468257904052734,6.913356304168701,49.016550403501576,41.71522363561756
75,14.194060325622559,6.808427810668945,34.80511101448869,56.455390829908694
7501,16.36716651916504,6.979791641235352,48.59771479447989,41.82371271702033
7512,14.952174186706543,7.0101237297058105,40.331416823865624,50.04235900100532
7515,14.806303977966309,7.198671817779541,40.6987203993973,50.84107315537365
7517,15.202441215515137,6.98052978515625,41.49967532097654,48.758814750680685
7520,15.100878715515137,7.063471794128418,41.43015445849069,49.482123069268866
7523,17.626216888427734,6.356112480163574,55.60236864584691,33.90522520957304
7525,14.231046676635742,6.472541809082031,33.80492946327225,53.68290903194421
7528,16.559911727905273,6.792659282684326,49.00818199960088,41.18140091798044
7549,13.952045440673828,7.06485652923584,34.856507655714,56.68097008235421
7550,14.079257011413574,6.963557243347168,34.505640345056406,55.9542647133888
7552,15.347406387329102,6.657686710357666,40.39048803935984,49.527795057399764
7553,14.859795570373535,7.633603572845459,41.78595773687798,50.96329781508987
7554,14.488837242126465,7.207768440246582,37.63530072500766,53.3135913407536
7555,15.465771675109863,6.66433572769165,41.01568480091298,48.96107330243692
7561,13.309797286987305,7.029574394226074,30.826578721229996,60.35023341152426
7562,15.74963092803955,7.116454124450684,45.600081057804346,45.826367428272285
7564,16.67938804626465,6.690124988555908,49.455896812038596,40.57693269118603
7587,13.035848617553711,6.7797675132751465,28.509234828496044,62.79155672823219
7589,16.138437271118164,7.709606647491455,50.06488450558007,42.069116971790216
7592,11.996550559997559,6.614514350891113,24.16819956756059,67.39923193597315
7599,15.447396278381348,7.410896301269531,45.52589333491884,44.02758784707771
76,13.962261199951172,6.76685905456543,34.31408042775983,56.79514314358918
7602,15.611395835876465,6.585094451904297,41.311107549286746,47.22872255169098
7603,15.358942985534668,7.175134181976318,43.062191549185,44.47787019013351
7604,14.430068969726562,7.090184688568115,37.3921572552395,52.471125167644175
7607,15.1331787109375,6.605517864227295,38.863030847751425,50.627547908708635
7608,15.398210525512695,7.384060859680176,44.555099787015855,44.750335252820065
7609,15.091365814208984,7.278958797454834,42.42334731494063,47.5335263188988
7612,15.200848579406738,6.875154972076416,40.3744861253854,49.06539054470709
7618,16.16668128967285,7.095119476318359,48.12444557090356,42.608668102902044
7619,17.66825294494629,6.530230522155762,56.22670902315352,34.478282118638894
7624,14.19400691986084,6.388510704040527,33.48106425553991,53.626324760987174
7625,17.445274353027344,6.860813617706299,56.028463026115716,35.23775779854437
7628,15.8179931640625,6.818375587463379,45.06339805532373,44.4299202622397
7633,16.69454002380371,6.672525405883789,49.94823871743935,40.42416272628074
7636,13.959830284118652,6.373600006103516,31.404674925151753,55.251737303265855
7637,17.57374382019043,6.645255088806152,55.886805957001684,35.02215982602472
7644,16.244258880615234,6.789262771606445,45.07818317200298,44.48001985604368
7660,15.548906326293945,6.514885902404785,41.28773875539125,46.794002875333746
7661,18.188257217407227,6.179847717285156,59.15495829849712,30.644996839250393
7672,15.95436954498291,6.9359564781188965,45.99419219773541,44.449947099475494
7681,16.369234085083008,7.1275763511657715,49.06640625,42.34375
7684,15.989892959594727,6.802425384521484,46.062839410395654,43.159425911559346
7693,15.26102352142334,6.734807014465332,42.395420323428525,47.491869737604134
7696,12.492457389831543,6.485805511474609,26.379822601982173,64.4184684782373
770,15.607995986938477,7.05031156539917,43.82616465215557,47.155692338239305
7707,16.824443817138672,6.939711093902588,51.50889423532309,39.63096974633906
7713,12.434708595275879,7.255928039550781,28.5318431198102,63.22008451957295
7714,13.362626075744629,7.283324718475342,32.32889346079492,59.13839277796499
7718,16.135740280151367,7.6639628410339355,49.578467392730616,43.598281065476975
7719,15.720669746398926,7.564518928527832,46.622032866707244,45.987070454508064
7721,16.423664093017578,7.028200149536133,49.037780781360624,40.804209306815984
7723,19.643259048461914,6.399224281311035,69.35693136830899,24.057686549785423
7724,16.44310188293457,6.685760974884033,49.41871699085405,40.2582764395208
7726,19.267683029174805,6.296702861785889,66.29493931760935,25.850698419967944
773,15.176460266113281,7.2044148445129395,41.51735521374064,49.42827069827524
7731,15.178607940673828,6.873189449310303,42.13679416179287,48.34894674188707
7732,15.826542854309082,6.803289413452148,45.254383380794955,44.38479918824261
7737,17.765424728393555,6.854419708251953,57.66093630519131,33.98283723696508
7740,15.911663055419922,7.0935468673706055,46.13550542215337,44.82716886134779
7743,15.963123321533203,7.079929351806641,46.44103406223209,44.30263586858088
7747,12.501660346984863,6.57761812210083,25.49291730474732,66.0604900459418
7748,12.26214599609375,6.939855098724365,26.977517161931203,65.15018460289133
7752,13.406846046447754,6.950944900512695,31.238270868362534,59.72012800347129
7753,14.58425521850586,6.768965244293213,36.31860982468904,53.50831782631204
7754,13.686030387878418,7.074207782745361,32.85624135662402,59.09182454114582
7756,14.795412063598633,6.883565902709961,39.40397350993378,51.230684326710815
7757,16.711435317993164,6.970213413238525,50.68831721058786,40.76086956521739
7760,16.172794342041016,6.794826507568359,46.490974159254776,43.40692595126573
7763,16.332889556884766,7.1155171394348145,47.691391734587036,42.92430556981256
7764,14.649771690368652,7.1001715660095215,37.80589139557107,52.16149403797415
7766,15.125771522521973,6.91242790222168,40.15722289093962,48.254647585930186
7767,16.88588523864746,6.601050853729248,50.29176542337173,38.95241659389857
7776,14.667387962341309,7.1089630126953125,38.48164687942489,52.31674109574121
7787,12.682097434997559,6.619607448577881,27.105348957634106,63.514316948274875
7792,14.621576309204102,6.485225677490234,35.039855072463766,51.46739130434783
78,15.141693115234375,7.0769429206848145,40.996231483899855,49.43248386254244
7801,15.442697525024414,6.8649001121521,41.28971225857312,47.83287347260544
7812,16.38202667236328,6.995558261871338,48.82164768424794,42.11933425025885
7820,10.922797203063965,6.553226470947266,20.809569703497928,72.42814218493112
7824,14.2655611038208,7.165487289428711,36.05616368534744,55.471954564209604
7827,13.683485984802246,7.227685928344727,33.32942872589656,58.53577221120923
7828,15.872364044189453,6.724822998046875,44.629747122269556,44.991389467959756
7829,14.876873016357422,6.4748101234436035,36.21987791649829,51.09534849097135
7832,12.641260147094727,6.889850616455078,27.625015986699065,64.80624120731552
7836,11.071828842163086,6.896600723266602,23.30372125160399,70.70772875333135
7837,11.096168518066406,7.198488235473633,24.486766036103354,70.27864081488183
7838,14.678681373596191,6.771462917327881,36.74676117635177,53.162616032980445
7840,11.64559555053711,6.309621334075928,22.089217606432328,69.77631172044119
7841,13.816391944885254,7.050177097320557,34.815745189376386,55.83737775284735
7848,12.216078758239746,6.6687846183776855,25.263636903230914,65.46307104841422
7851,13.496783256530762,6.623843193054199,30.927474916063424,58.43732412133444
7859,16.714038848876953,6.845941543579102,49.640332382487905,40.04247798586134
7869,13.970043182373047,6.340877056121826,31.69924275462871,55.423621298021644
7872,13.98088264465332,6.395572185516357,31.969873247198578,55.20380462515053
7875,14.52778148651123,7.140939712524414,37.98511774903006,52.81430205544877
7876,14.926902770996094,7.111608505249023,40.81927710843373,50.27140139505391
7878,15.434386253356934,6.68342924118042,40.90012501736352,49.117933046256425
7879,14.600440979003906,7.202758312225342,38.6436186231404,53.313256640366205
7880,14.552034378051758,7.254424095153809,38.66036752865397,52.930520034100596
7882,15.423276901245117,6.710886001586914,40.81175783531244,49.16849745543536
7883,13.615875244140625,7.229288101196289,34.45772658117801,57.632036513801346
7884,14.735702514648438,6.771294593811035,38.39682268534336,51.682610181072775
7885,15.377424240112305,6.621038436889648,40.37460706692579,49.553262811900815
7886,15.770453453063965,7.101721286773682,45.70828681408409,45.66329506257186
7887,15.675949096679688,7.0518879890441895,44.77082636333222,46.38006022080964
7889,11.655827522277832,6.994017601013184,23.020816449394495,70.64162826776577
7899,13.807767868041992,7.11966609954834,35.08286084915973,56.934221457826226
79,14.07641315460205,7.251949310302734,36.311943971228466,54.961196289986745
7914,16.394330978393555,7.124762058258057,49.50165638565227,41.985092529129545
7916,16.070816040039062,6.291290760040283,46.650347441566645,41.78300694883133
7917,14.116708755493164,5.854104518890381,30.631359248630314,56.30576571875815
7918,13.737629890441895,6.358419895172119,29.889705882352942,58.05847338935575
7922,12.92095947265625,6.824033260345459,28.535569322794274,63.30289112013102
7931,15.262452125549316,7.260964870452881,42.35909429694929,49.31506849315068
7932,15.650287628173828,7.092219829559326,43.88574522112373,47.28090640749668
7933,15.820565223693848,6.901595592498779,47.22640494756655,43.36784081742404
7934,15.296368598937988,7.253298282623291,42.495658326365216,49.12201710941018
7935,15.649713516235352,7.111477375030518,43.943897574470824,47.21482339316734
7937,16.390195846557617,7.16002082824707,50.343453771122405,40.8737463937354
7938,16.08489418029785,7.192484378814697,47.23617373437589,43.83026082986131
7939,16.110136032104492,7.1861772537231445,47.311261671601,43.75569346390344
7941,16.4395809173584,7.041052341461182,49.71475394629026,40.92391892518668
7942,16.30293083190918,7.12420654296875,48.56608711908768,42.51261918115536
7943,16.262548446655273,7.174178123474121,48.54992520568437,42.54674644727
7944,16.307327270507812,6.633310794830322,49.38304588317946,40.43597431254391
7945,16.103376388549805,7.185058116912842,47.27065851230266,43.8188024463092
7946,16.09504508972168,7.177150249481201,47.19987514011266,43.88966926318478
7948,13.770109176635742,6.678411483764648,30.80141908487219,57.28594964472341
7949,16.763774871826172,6.732400417327881,52.06011533060444,38.5311781051122
7950,15.905684471130371,6.434388637542725,43.53729442383299,45.67251785813168
7951,12.12759780883789,6.197956085205078,22.23464692424359,68.70774530217733
7952,18.064044952392578,6.452317714691162,57.77873268073868,32.45330873875951
7953,18.9235897064209,6.058091640472412,66.76581901953091,24.837031505132718
7954,19.403669357299805,5.879222393035889,67.76149350082875,23.479891825874553
7956,19.145191192626953,6.082833766937256,65.34423980376668,25.96037916268241
7957,19.07851219177246,6.178247451782227,65.23080866838878,26.09587285311459
7959,19.205533981323242,5.913137912750244,69.39665555231564,22.66566933326572
7960,16.094694137573242,7.169201850891113,47.21520424674255,43.83569421182615
7961,18.03374671936035,7.158752918243408,59.98381843453727,31.645333278011744
7962,16.074737548828125,7.21073055267334,47.26944507618831,43.81538549010689
7963,19.91149139404297,5.604401588439941,74.33400812230654,18.64280480383512
7964,19.183673858642578,6.085689067840576,65.86294922420326,25.29915041282757
7966,16.667678833007812,6.880430698394775,52.03522475831242,38.655162684328545
7967,19.14785385131836,6.082467079162598,65.09149922060173,26.003074886293266
7968,19.879762649536133,5.62462043762207,74.05017649068205,18.953454536253336
7969,18.09693717956543,6.533659934997559,58.26050225784714,32.022206354155145
7971,16.39550018310547,8.003128051757812,53.14110862657409,39.36801223961398
7972,11.502659797668457,7.419198036193848,25.992990654205606,68.57476635514018
7974,16.232927322387695,7.487035751342773,49.723224327048065,40.73495260490455
7975,17.00992774963379,7.303162574768066,55.72088310831508,34.64809971489833
7985,16.320158004760742,8.014455795288086,52.38072727702471,40.09596180436555
7986,17.51502227783203,7.746150970458984,60.53455897420885,32.15697180830821
7987,17.821014404296875,7.493167400360107,61.1960696529136,30.93734536629044
7992,17.704774856567383,7.510315418243408,60.4380608751966,31.629891756869277
7993,15.152731895446777,7.033692836761475,41.63341903833082,46.33980553831604
7994,17.81521224975586,7.500645637512207,61.131213771298086,30.90813279466011
8003,12.73887825012207,6.644137382507324,27.16484253784543,64.12336981590975
8009,12.89268970489502,7.097351551055908,29.528447434430788,62.54342418740357
8016,11.127449989318848,5.880484104156494,17.728325075188785,74.97674016054698
8020,11.018341064453125,5.860231876373291,17.266413115322518,75.59730845496213
8023,10.943350791931152,5.931216239929199,16.838559988024848,75.81169074171095
8025,10.618844985961914,5.401322841644287,13.689208570559346,79.36676952496849
8026,11.261505126953125,5.898194313049316,18.128365209923032,74.3511820213832
803,16.00263023376465,6.717984676361084,45.42389117731583,44.46594501389022
8039,10.109683990478516,6.112569808959961,15.831899853094434,76.52649950403676
8043,8.28111457824707,5.214992523193359,8.703962176367774,86.8610660530386
8046,10.674919128417969,6.364019870758057,19.574778277244565,73.50990159154416
8053,11.954303741455078,6.920053482055664,26.559794980847613,66.03279761174498
8066,13.88292121887207,6.899874210357666,33.22826282474068,56.177032386271165
8068,13.762688636779785,7.59355354309082,36.45405141782206,56.19818156482965
807,11.474916458129883,6.788858890533447,23.091421741395692,71.21732201415918
8074,12.526409149169922,6.795404434204102,25.940311924893777,66.69578417986143
8075,13.669315338134766,7.413943767547607,33.58908859522119,59.142174718961236
8079,13.677022933959961,7.515423774719238,34.48391315720638,58.1867643212137
8081,14.860139846801758,7.364752292633057,40.48342152227684,51.45120385735308
8085,13.506609916687012,7.08495569229126,32.11900218102508,60.257633587786266
8087,14.205365180969238,7.527371406555176,36.62569430158404,56.20157032160735
8091,12.631380081176758,7.601655006408691,30.89024759744245,62.57215441627757
8093,13.485777854919434,7.078269958496094,32.500231846424924,60.11855080527992
8103,9.59139347076416,6.077899932861328,14.865839111798557,79.27748430311054
8106,16.01970863342285,6.940078258514404,46.433670618908685,43.766424565977616
811,10.227545738220215,6.329475402832031,17.454714074162716,77.72725232973838
8134,15.578019142150879,7.303481101989746,43.963940944913325,47.88045257467722
8157,16.055103302001953,6.849371433258057,44.41884044612407,45.22690263311519
8167,13.052591323852539,6.485060214996338,27.569144549573917,63.206852825637796
8179,17.716270446777344,6.547646522521973,57.01467235634535,33.39568597650085
8185,15.2918119430542,6.751466274261475,40.46194991490396,46.44946916281709
8192,13.553650856018066,7.609828948974609,35.46179212830064,57.63564328248441
8196,14.395491600036621,7.489479064941406,39.962432067695225,52.52762884341832
8199,15.495190620422363,6.945669174194336,42.447944191945886,48.110664834584085
8202,14.020377159118652,7.065495491027832,35.805868190353316,54.12121142304193
8224,12.02319622039795,6.078069686889648,20.787661607644743,67.73819561551433
8228,14.251245498657227,7.433114528656006,37.59073320013152,54.48544475075242
8229,16.904699325561523,7.051126480102539,53.0949951169196,38.51269052243474
8232,16.051786422729492,6.841439723968506,45.19596135055912,44.398777858771346
8233,16.433185577392578,7.257364749908447,49.755402334270634,42.19791225299488
8237,15.82494068145752,6.976747512817383,44.909278407982384,45.5419604782742
8238,13.824810981750488,7.057309150695801,34.26800117879479,56.812451565723265
8241,15.943937301635742,6.824789047241211,45.290330949717045,44.52660083345495
8243,13.892860412597656,6.782005786895752,34.079842948842135,56.17161971921939
8253,13.548652648925781,6.643437385559082,31.607267284317015,58.59377016181063
8259,13.325693130493164,6.577258586883545,30.446653862087146,60.16363499416262
8260,14.468024253845215,7.109407424926758,38.678667830659165,52.527168186881
8261,15.912832260131836,7.248980522155762,46.960754146969144,44.70148349137971
8262,15.986960411071777,7.164035797119141,47.06334855190465,44.626712089273404
8264,13.481852531433105,6.934665203094482,32.14861984761806,59.262423097167215
8271,15.875434875488281,7.491993427276611,45.75246828353349,46.53007528590408
8272,15.163982391357422,7.062617778778076,40.326725640860076,49.992897268676955
8278,12.814311027526855,6.370589733123779,26.265584368240695,64.05327241354169
8280,16.430564880371094,7.105070114135742,48.588865394598564,41.768064928651924
8298,14.10736083984375,7.265794277191162,35.62460367786937,55.98675403367858
8308,13.123838424682617,6.890457630157471,30.922746475868053,60.952191291731275
8309,17.765499114990234,5.4437174797058105,55.521695334514895,28.72990169201933
831,15.577909469604492,6.609861373901367,41.79780356893158,46.45849691832761
8313,12.861161231994629,7.366649150848389,29.69582509943217,64.10060784951347
8314,16.769731521606445,6.713388919830322,51.18852366937025,39.04715900155025
8315,17.259309768676758,6.934821128845215,54.20395164726727,37.228912960595665
8319,10.913741111755371,6.85770845413208,21.824128039756637,71.30615899000603
832,15.201339721679688,6.5737996101379395,39.49583386203104,48.49638370765131
8323,14.427202224731445,7.332663536071777,38.58589157413455,53.19439908556499
8326,12.045928001403809,6.712047100067139,24.366268359878063,68.39737215330193
8333,16.390382766723633,7.24254035949707,50.29708833689751,41.46274058233262
8337,16.3660888671875,6.891562461853027,47.52977111296895,42.63605184682935
8341,15.8223237991333,7.278078556060791,47.10789647741578,44.4366212208496
8344,15.304082870483398,7.456783294677734,42.35044223918003,48.7856685285292
8346,12.808350563049316,6.958675861358643,28.562060466273202,62.96723424462384
8348,14.284066200256348,6.095408916473389,30.573745659621075,56.33637062757801
8349,13.934479713439941,6.921985626220703,34.058734784136234,56.09254551842437
8352,16.15410041809082,6.8126726150512695,46.33126417128201,43.14946288518009
8355,17.118667602539062,7.325725555419922,54.48592154873988,37.99307653297467
8356,16.789936065673828,7.415130615234375,52.44572655871639,39.99284074877345
8361,16.24152183532715,6.809029579162598,47.14121074366936,42.57931299420559
8364,16.727731704711914,6.797187328338623,50.151603711551104,39.78227515160371
8367,16.361106872558594,7.246046543121338,48.32262494482319,43.6387267644318
8368,16.763729095458984,6.82850980758667,50.62044748143403,39.62559612783828
8371,16.700204849243164,7.30584716796875,50.835096138667005,41.4485523947842
8372,15.601792335510254,6.817582607269287,42.767026973749054,46.752308046128064
8375,17.464508056640625,7.263834476470947,56.78917390762067,35.989273687273936
8376,16.85804557800293,6.86587381362915,51.06953726614712,39.4537844275374
8379,16.740055084228516,7.217539310455322,51.38671017129949,40.67264855368011
8380,16.87325096130371,6.790543556213379,51.62227708711137,38.70086739933142
8383,15.957808494567871,7.580122470855713,46.810138982428214,46.09992040653891
8393,11.258525848388672,6.615742206573486,21.662445730824892,71.10769416304872
8397,13.481868743896484,7.397772312164307,34.58548754474131,57.5526953252106
8400,14.520757675170898,6.9864630699157715,36.80142122892906,53.46153324563664
8408,17.149511337280273,6.577073097229004,54.63922337347148,35.87230467656119
8410,12.548352241516113,6.8460373878479,26.792513788567607,65.9462765098193
8412,16.90282440185547,6.771785736083984,51.88821880574195,38.097341374331094
8413,9.950506210327148,6.172756195068359,15.845749114398833,78.69868722650553
8414,10.031571388244629,6.15411901473999,16.039934260553878,78.9057325778203
8416,17.79995346069336,6.359798431396484,55.4040957091971,33.41011214741532
8420,17.048566818237305,6.857355117797852,52.27417115696839,38.35266712157933
8424,14.569375038146973,7.631987571716309,40.82881734140899,52.51896716608224
8428,17.024015426635742,6.725735664367676,51.63333794195648,37.47187692462388
8432,18.276639938354492,6.315359115600586,59.27948283436892,29.860038912947967
8436,17.621686935424805,6.523258209228516,55.06639939864696,34.101728890002505
8440,15.55272388458252,7.298935890197754,43.834627417700034,48.10067258609988
8443,17.276439666748047,6.9248199462890625,54.21767955801104,36.994475138121544
8447,17.22734260559082,6.811906337738037,53.49361382419233,37.49723781323198
8460,12.979281425476074,6.714792251586914,28.278372991603046,62.79581807323409
8463,17.41899299621582,6.858211040496826,55.31898146326105,36.138769727261995
8472,14.994917869567871,7.015730381011963,40.23265550916024,50.90018218646388
8476,15.326189994812012,7.274718284606934,45.36144137106028,46.11581748492469
8487,16.51906394958496,6.888647556304932,50.41043180846516,39.95012113438791
8489,13.493566513061523,6.283139228820801,28.90996643805633,60.059827812636804
8490,13.480626106262207,6.533011436462402,30.135563757858975,59.8986375898773
8495,12.02092170715332,6.1247053146362305,21.73690521451759,69.57418185008628
8500,16.22971534729004,7.219414234161377,48.32184929984441,42.82433133288879
8504,13.518172264099121,7.330684661865234,34.3851158616711,57.759366686965166
8505,14.800817489624023,7.013841152191162,39.19472981066016,51.716036301653844
8514,14.22561264038086,7.021271228790283,37.08432304038005,54.04790182106096
8515,15.43735122680664,7.3733320236206055,44.295315358307484,47.58013202895093
8517,16.251171112060547,7.011229515075684,46.52505654847239,43.483385899518936
8518,16.411733627319336,7.159964561462402,48.908770502914464,42.50572127997193
8520,15.457954406738281,7.416530132293701,43.39508832399828,48.60404997845757
8521,14.442447662353516,7.532372951507568,38.26496107745658,54.317452551908715
8523,14.964390754699707,8.165825843811035,44.598847085688824,49.069871062964715
8529,15.245604515075684,7.094038486480713,42.2272030199363,48.69175415831072
8530,18.450345993041992,6.573760509490967,61.29420322291853,30.242837958818264
8534,16.083484649658203,7.100687503814697,47.29570840681952,43.98785028414658
8535,15.455524444580078,7.290191650390625,44.21492444062634,47.45402007106876
8537,15.259382247924805,7.3846588134765625,42.044287091624646,49.8190266955381
8547,15.051454544067383,7.084835052490234,40.96028316631424,50.18847108577733
8549,15.365464210510254,6.911909103393555,44.6040213377103,47.0119744842765
8555,11.717490196228027,6.470132827758789,22.08492846545696,69.21161567431292
8556,13.279346466064453,6.846350193023682,30.09749187567703,59.59711690692442
8562,16.039649963378906,6.952982425689697,48.22300365299921,41.9992489160493
8568,14.996912002563477,7.044529914855957,39.76429574097213,50.29848674163543
8569,15.071457862854004,6.691070079803467,39.00848174290188,50.87957264742575
8572,14.21678638458252,6.866678237915039,34.767851424911946,55.92699327569645
8575,13.973962783813477,7.154561996459961,34.99096397913501,56.854027190208235
8576,13.87661361694336,7.152315616607666,34.36651862817666,57.758656139485154
8580,15.11111831665039,7.315229415893555,42.48711619692854,48.90784595205883
8582,12.124731063842773,6.638947486877441,24.661638599028826,68.08244653373282
8591,13.661635398864746,7.139892578125,33.233436641132094,58.264136600198825
860,14.104680061340332,6.98847770690918,35.939003271117954,54.2524533384645
8629,14.393324851989746,6.887575149536133,35.4890856341466,54.38769283473756
8630,15.609668731689453,7.504936695098877,45.94719726616326,46.347351595656725
8631,15.708708763122559,6.939745903015137,45.29932479969758,45.70465499679726
8632,17.13869285583496,6.789805889129639,53.75202447363685,37.58097894547417
8633,12.895877838134766,7.075929641723633,29.70655886247996,62.28479821565484
8634,12.660390853881836,6.995443820953369,27.98471030600162,63.541558468537715
8635,13.485846519470215,7.133512020111084,31.71315745252899,59.35767097966729
8638,13.387709617614746,6.990921974182129,32.0384959332283,59.55371971213218
8640,13.475430488586426,6.951404094696045,32.154141994290406,59.25267054647725
8653,13.175394058227539,7.157570838928223,30.988744588744588,61.04935064935065
8654,12.845510482788086,7.088363170623779,29.217197281160256,62.105654608185446
8655,13.72945785522461,7.146313667297363,33.13154587348136,57.804775869292
8658,13.487105369567871,6.957167148590088,32.2098318933762,59.291909450137304
8659,13.391661643981934,7.011241912841797,32.20804529151372,59.38211354797524
8672,12.659375190734863,6.919844627380371,28.002092050209203,63.940027894002796
8673,12.719000816345215,7.095459938049316,28.300006229365227,63.240515791440856
8674,13.674893379211426,7.115487575531006,32.75132826336077,58.2123137826857
8677,13.34719181060791,7.010592937469482,32.039033710932166,59.53067421864338
8678,13.4315824508667,6.9813361167907715,32.12306895658928,59.24052817813067
8691,11.22981071472168,6.057437419891357,18.429581335405494,74.6128916096507
8692,11.216691970825195,6.019172191619873,18.237903916826934,75.06902526800845
8697,17.50389862060547,6.703256607055664,55.16075118112309,35.757432192348695
87,14.038288116455078,7.28843879699707,37.103571635385634,54.594354615587534
8707,13.734179496765137,7.110432147979736,35.29895191810148,56.1002830734266
8710,13.124709129333496,6.9412736892700195,31.8245984659276,59.97986159784401
8729,13.147065162658691,6.895453453063965,30.02259586628564,61.324516514919914
8730,12.733803749084473,6.832887172698975,28.18234180860693,63.65835596149098
8732,12.132671356201172,6.644330978393555,24.39780868099452,67.0425621576064
8734,14.395005226135254,7.098621368408203,38.001860023349224,52.41110473514454
8736,12.83036994934082,6.717896461486816,27.629118657772388,61.2820901556499
8750,14.040645599365234,7.677340984344482,37.435767586648595,55.696391069274185
8751,15.264184951782227,7.064779281616211,41.75745025659494,48.160319318147714
8754,17.226085662841797,6.422114849090576,52.15064569619617,37.038339781920506
8756,15.968243598937988,7.406863212585449,47.13415661635493,45.22760646108664
8757,14.673914909362793,7.032067775726318,37.84936957668153,53.00349968838391
8762,14.194851875305176,6.86875581741333,34.24369971761948,56.74356651926048
8763,13.880385398864746,7.071900844573975,33.89771614492845,57.70498362658074
8766,15.31511116027832,7.140789985656738,41.49653502893537,50.00363640141716
8774,14.496780395507812,6.9995198249816895,36.81621455431261,54.44031880424757
8782,13.40130615234375,6.654166221618652,31.418038743065775,58.59844389699236
8785,13.493066787719727,6.793529510498047,32.06041454662311,58.12043632728117
8786,13.924016952514648,6.013685703277588,28.39473760975467,60.117849537644766
8787,12.96312427520752,6.55714750289917,27.861739142116367,62.135439756041855
8790,12.24130630493164,6.704891204833984,24.751568004802753,66.42968861083463
8791,13.25517463684082,6.514547824859619,27.841400722756653,63.8774367587927
8792,11.293004989624023,6.937912464141846,23.765524589618085,70.04128791662505
8796,13.088419914245605,6.332087516784668,27.54329501915709,62.76475095785441
88,15.422445297241211,7.188313961029053,43.61452633075119,47.17148745647076
8800,12.635162353515625,6.488640308380127,25.555882589034866,65.03491825649533
8821,13.565290451049805,6.923194885253906,31.6590761223162,59.37440568540113
8828,13.903220176696777,6.889498233795166,34.164748500056604,56.40290303510559
8847,17.293798446655273,6.698153972625732,54.54314566105207,36.131824369628376
8850,16.60184669494629,7.220736026763916,50.6943292379456,40.98738204209889
8851,17.92852210998535,6.620795249938965,59.71582064039559,31.742010317145386
8853,17.722789764404297,6.5245256423950195,57.81648388781372,33.18280957208245
8857,18.232084274291992,6.477707862854004,61.27325429811512,30.040028833029154
8859,18.243215560913086,6.4861531257629395,61.348696929858484,29.92189312504833
8860,17.922544479370117,6.799304008483887,57.632132015256474,33.85420720790846
8861,17.95891761779785,6.757847785949707,57.61062464652768,33.894338592351346
8863,15.011289596557617,7.152830600738525,40.42449651867934,50.688777420079354
8864,14.591275215148926,7.3235955238342285,38.64427720992924,53.201168145568914
8866,14.916993141174316,6.55491828918457,37.33260708866669,51.96980897171536
8867,14.274985313415527,6.768737316131592,35.02433339108248,55.03677570755832
8877,13.758299827575684,6.6078619956970215,31.376934846260784,58.87602227451711
8881,14.20188045501709,6.779841899871826,34.712153853411536,55.52183416413756
8911,14.325116157531738,6.945566177368164,36.679751276617914,53.560056043816076
8927,14.51314926147461,7.020596981048584,38.69695645263827,51.54263350286078
8953,13.655077934265137,6.762660980224609,31.79019826457899,59.43332202239565
8970,7.987874507904053,4.83730936050415,7.424817227611073,88.84784267749107
8971,8.009969711303711,4.8331756591796875,7.39711716918016,88.83875484824574
8974,13.128220558166504,7.030540466308594,29.51909993030434,61.95811622581394
8975,15.295907020568848,6.8363518714904785,40.040910767579895,49.24248013145099
8981,17.06477928161621,6.099968433380127,50.12356903748398,35.310988965574246
8986,13.146133422851562,7.2953572273254395,31.59785641169741,60.9517692631917
8995,16.277326583862305,6.710371017456055,48.15998295787399,42.10576769451989
8997,12.88242244720459,6.590893745422363,26.867487797953032,64.08744912997038
9001,12.760359764099121,6.690284252166748,26.94551667404923,64.82060368284503
9004,12.727808952331543,6.710432052612305,26.961658634080933,64.92732723615802
9008,12.765267372131348,6.69707727432251,26.99955810870526,64.75727542453129
9025,12.6180419921875,7.156925678253174,27.894821603736293,64.86391520138207
9027,12.768400192260742,7.142636775970459,28.5865979527403,64.40090045447467
9030,12.70838451385498,7.168275833129883,28.425582180222747,64.08341770727866
9035,12.769140243530273,7.138487339019775,28.691251515407824,64.26315937861231
9037,14.302103042602539,6.85810661315918,36.303800843150654,53.15681602319498
9040,15.160417556762695,6.687826156616211,39.759111528234,49.39621460972939
9044,15.347116470336914,6.734524726867676,41.29495911643707,47.8892473668937
9045,15.291723251342773,7.012661457061768,41.86305566192084,48.8442928255648
9046,16.064838409423828,6.978616714477539,46.177652935932585,44.67394412392983
9050,14.538015365600586,6.921903133392334,37.380102706937066,52.8784054312821
9051,16.171295166015625,6.7270050048828125,46.57772817963545,43.11318521524466
9056,13.298090934753418,6.26052188873291,28.188348953387553,60.129639568969075
9068,13.594414710998535,5.789437294006348,26.21310741467783,62.40486276130455
9069,14.912353515625,6.972051620483398,39.73684210526316,50.52992069214132
9074,15.385065078735352,6.573276996612549,40.121935400181606,48.95576598780646
9075,15.433298110961914,6.593067646026611,40.447477926701325,48.814702172554846
9076,15.524710655212402,6.688166618347168,41.403630077787376,48.11869778161913
9077,15.44196605682373,6.6107048988342285,40.44889543446244,48.705743740795285
9078,15.410306930541992,6.84044885635376,41.12946190729888,48.61944360797757
9080,15.92526626586914,6.910405158996582,44.398024189825506,45.71138399039793
9081,15.658782958984375,6.839488506317139,42.531352944576085,47.37328786915564
9082,15.54141616821289,6.7994866371154785,41.88083572154942,47.707312563557366
9083,15.568939208984375,6.753346920013428,40.98753984352362,48.6293827875978
9084,15.583268165588379,6.697457790374756,41.23303553161017,48.17568028370729
9102,12.575323104858398,7.781259536743164,31.20368413299259,61.947492137911595
9104,12.008504867553711,7.868871688842773,29.720941998136734,63.80143261702482
9105,12.500175476074219,7.108946800231934,28.435246768721957,62.85762922072395
9116,17.247041702270508,6.595341205596924,51.84783841336643,37.01598981893326
9117,15.325806617736816,7.103034973144531,43.22141139747754,47.67579196018053
9119,15.43037223815918,7.008941173553467,42.973316391359596,46.674078780177894
9125,14.049602508544922,7.22201681137085,35.45623881767604,56.79150020832823
9126,13.831199645996094,6.893424987792969,33.20520160300973,57.651100024535864
9127,14.749768257141113,6.850669860839844,37.342365371506475,52.36238922972052
9128,14.562981605529785,6.976885795593262,36.96864677532897,52.964747928737744
9129,16.192520141601562,6.911720275878906,47.26719322743934,43.374716355384884
9130,13.2036771774292,7.796234607696533,35.348662886333194,58.11325731022564
9132,12.393721580505371,7.060938835144043,27.443802942072125,63.62184367367486
9142,15.559911727905273,7.248570919036865,43.08043389915283,48.64640970333552
9149,16.45105743408203,7.11823034286499,48.76827511278018,42.42306147995937
9150,17.104555130004883,7.106696605682373,52.964710364999505,38.97661179160176
9175,15.74832534790039,6.765836238861084,43.58687867067756,46.24552356395932
9196,16.639644622802734,6.948917388916016,49.99411297206605,40.82065169399229
9200,13.33945083618164,6.7239603996276855,29.89854230229067,61.34074289311832
9201,13.369452476501465,6.730419635772705,30.03739733484816,61.11150559776563
9204,13.7180814743042,6.762905120849609,32.245383290058,59.03807420709069
9205,13.460199356079102,6.699012756347656,30.337569171592747,60.67277854471228
9208,15.696131706237793,7.626945495605469,46.87925500875316,45.26843026648512
9209,15.669074058532715,7.190150260925293,44.79740290970302,46.42900084164963
9210,15.568340301513672,7.04554557800293,43.23882410382768,46.841680954705964
9211,13.681230545043945,6.931431770324707,32.70363288718929,58.77820267686425
9212,15.569676399230957,7.697207927703857,46.576060458313016,45.80814236957582
9214,13.946144104003906,6.981624603271484,34.15524944845103,57.36665492500788
9220,16.036916732788086,7.328914642333984,46.97015086336022,44.934274381987464
9221,15.650702476501465,7.2763166427612305,44.8773826458037,45.86173541963016
9222,12.542746543884277,7.535791873931885,30.156076930822678,63.401470143993556
9223,12.596741676330566,7.573358535766602,30.43145315680229,63.30330693428451
9226,15.019362449645996,7.288605690002441,41.259574070614605,50.70754716981132
9227,14.595163345336914,7.453670978546143,39.875808622059374,52.200911169117525
9239,16.824647903442383,6.749515056610107,50.49909116115715,39.55143411688592
9243,15.462528228759766,6.824249267578125,43.28210103861166,47.033010650731
9244,12.726519584655762,7.537569046020508,31.15976863553895,61.100686960162506
9250,13.421250343322754,6.798793792724609,30.1209168020213,61.12374420982975
9256,15.439250946044922,7.048382759094238,41.958842554165834,49.05835885400269
9259,13.983633041381836,6.798471927642822,32.90652185103207,58.022340042209294
9260,15.118368148803711,7.138132095336914,41.50305307656176,49.51933615155785
9261,15.467877388000488,6.921393871307373,42.99697483250709,47.368421052631575
9263,15.700984001159668,6.952126502990723,44.26758409785933,46.0565749235474
9264,14.86708927154541,6.889604091644287,37.657693174138316,51.4502140121649
9265,15.256362915039062,7.248536586761475,42.20497942109169,49.15997571014102
9268,16.196683883666992,7.0606536865234375,47.02405498281787,43.05979381443299
9269,14.472472190856934,7.083766937255859,36.190612478534625,53.79316924251098
9270,15.233888626098633,6.692745208740234,40.39353786992142,50.05956361812406
9271,16.21352195739746,6.823846340179443,47.247512694343776,41.823074732117426
9278,14.256898880004883,6.4407477378845215,34.15595671907474,55.14962860790874
9282,15.550985336303711,6.774174213409424,43.2681389622485,46.06218343731261
9283,14.03598403930664,6.752135276794434,33.17165832963971,55.39036281897043
9284,14.852078437805176,7.025691032409668,39.35310608023746,50.96822068835544
9285,14.33707046508789,6.39863920211792,32.742920531981035,54.40005851303744
9286,14.576834678649902,7.294891357421875,38.60800782842698,52.69645818043437
9290,12.408782005310059,6.899594306945801,27.380750034766756,64.89794026299117
9292,12.164815902709961,6.774547100067139,25.96833168071393,66.2772682201289
9293,13.408185005187988,7.127518177032471,33.46771903923684,58.11140764295043
9300,14.848026275634766,7.438169956207275,40.48243874157029,51.55472826584481
9309,14.021610260009766,6.825837135314941,33.82958828857785,57.084416912602634
9340,10.821121215820312,6.145007610321045,18.15389865210715,74.42757208667463
9350,12.41861629486084,7.481400012969971,30.21149827333225,62.88775918542782
9353,15.14342212677002,7.028698444366455,40.41838653738124,50.96231346017635
9360,13.391650199890137,6.518649578094482,29.771892275468975,60.99163337949663
9368,14.274025917053223,7.739996910095215,38.903402280480684,53.11491532716599
9373,12.241253852844238,6.95078182220459,26.687953375906755,66.07198214396429
9374,16.288938522338867,7.579371929168701,50.1236496160354,40.70187426786411
9376,12.625969886779785,6.709573745727539,26.092037983929877,65.29145361577794
9377,13.008672714233398,6.664618015289307,27.265625,64.38100961538461
9378,12.959147453308105,6.79243278503418,28.270265228071267,63.33136407450017
9382,13.900659561157227,6.489156246185303,32.1246952281435,57.47474747474748
9383,10.766380310058594,6.218286037445068,18.09228863425209,74.2954475069681
9384,10.536260604858398,6.338381767272949,17.719606828763578,75.58406621831351
9385,12.320212364196777,6.5987443923950195,25.27007208807552,66.19089913866111
9389,14.87592887878418,6.907036781311035,38.39966976044316,51.78369309026992
9391,14.326988220214844,6.660816192626953,36.07500061435628,53.80163664512324
9394,15.386734962463379,6.645623207092285,42.10101448227668,46.81558591773295
9395,15.178186416625977,6.657299518585205,40.15542461174346,48.87213458746599
9396,15.04474925994873,6.69234037399292,39.77807209685362,49.65106209566502
9404,16.945274353027344,6.963807582855225,52.43539036679851,38.446118004009314
9408,12.448311805725098,6.598247051239014,26.319189604992378,65.05471231909637
9417,15.083781242370605,7.325230598449707,42.00240431477029,49.2185976996556
9420,12.371912002563477,6.642948627471924,26.195124560394746,65.3336988352968
9421,15.86114501953125,7.651327133178711,48.09733726056101,42.75604404293593
9422,15.406465530395508,7.460811614990234,44.2302412835921,46.00555165787146
9424,13.540790557861328,7.150519847869873,32.698223677681845,59.00565644537065
9425,12.047810554504395,6.229894638061523,22.024085224641038,69.57953785188616
9442,13.534886360168457,6.86265754699707,31.484456203344983,59.72597562127942
9464,14.618654251098633,7.1260857582092285,40.22917002664946,50.680060518090144
9465,13.854930877685547,6.654521942138672,33.73476349244238,56.676343084184836
9467,16.046865463256836,6.746973514556885,47.02877297196956,42.50380545758307
9468,12.423715591430664,6.791776657104492,26.576499846693697,65.43226700280493
9472,15.991806983947754,6.773834705352783,44.96834074451924,42.34688785637454
9475,15.342350006103516,7.1657891273498535,43.14123618990743,44.568527918781726
9478,16.4974308013916,7.078605651855469,49.70175721425117,41.16122471756842
9481,12.636128425598145,6.859375953674316,28.38850185644376,63.161071095892204
9492,14.268560409545898,6.586978435516357,34.921496377122075,52.452226570310486
9498,12.637280464172363,6.719610691070557,27.25060827250608,64.07509699480502
9508,13.14897632598877,6.622372150421143,28.36876740065806,63.22323462414579
9514,12.909852027893066,7.04005241394043,29.439805631160525,61.9596807676339
9517,14.779903411865234,6.457736492156982,36.18566855454321,52.898300911105636
9518,12.759659767150879,6.376902103424072,24.42479654375565,66.41464884959308
9519,13.68008041381836,7.281639575958252,34.499955630490724,55.445913568195934
9520,16.376567840576172,6.544697284698486,47.46315751730073,41.460790992864574
9522,12.162677764892578,6.741444110870361,25.39178412462908,65.36535608308606
9523,14.450568199157715,6.790478229522705,36.65072214740166,52.47991454976083
9525,15.436169624328613,7.030222415924072,42.65476903304952,48.115315525827704
9530,17.16268539428711,6.882762908935547,52.754911975004504,38.2998858378898
9531,17.476303100585938,6.796238899230957,54.94939149295096,36.01939992770213
9533,14.64443588256836,6.895493030548096,37.93421740869511,51.967631765176456
9534,16.08148765563965,6.992813587188721,45.514493097395516,44.90567231209577
9535,14.64293098449707,7.125133037567139,39.06245896041815,51.74336143723899
9537,12.995508193969727,7.102835178375244,30.798737205639075,61.59615625432521
9538,14.61796760559082,7.0763373374938965,38.96690433397194,51.73181120920648
9541,13.405031204223633,7.174312591552734,32.73374641635069,58.874238680952814
9542,10.144546508789062,6.084857940673828,15.400270470937633,77.94137144675435
9545,17.047937393188477,6.942195415496826,52.89605426064489,37.97975991817839
9548,9.85720443725586,7.194159984588623,18.691637134949172,76.75961613078455
9549,13.8157377243042,7.018823623657227,33.05628644574029,58.316740150760914
9562,16.411697387695312,7.0650248527526855,49.16809739347588,42.12996202070652
9564,16.292129516601562,7.2269368171691895,48.89784820214711,42.884065444658006
9566,16.156455993652344,7.14254093170166,47.64954140959287,43.74396912190414
9573,14.846569061279297,7.505322456359863,41.51762662535793,50.06923907430878
9585,14.540417671203613,7.451001167297363,39.48103450547424,52.51577713073608
9586,14.682308197021484,7.10103178024292,39.12856163712915,51.709259440582265
9597,15.719592094421387,7.153678894042969,45.7250070282229,45.192084387566766
9600,14.739100456237793,7.427072525024414,40.41501805553156,51.72175475577517
9601,14.862722396850586,7.045312404632568,39.472387227309284,51.25677673730902
9612,13.948885917663574,7.541510581970215,37.28835969630965,54.86537832552767
9615,15.055723190307617,7.095659255981445,41.83982289725519,48.857379047512296
9616,15.828720092773438,7.1562113761901855,45.386413641364136,44.94499449944995
9618,17.1837100982666,6.857878684997559,53.688323004061445,37.331534494146744
9621,17.618419647216797,6.654147624969482,55.9582771588732,34.611509259916275
9623,13.827651977539062,6.740837574005127,32.22287378169612,57.70210700853319
9626,14.073513984680176,6.643255710601807,35.64977257959714,53.93329001516136
9638,16.220321655273438,6.938551425933838,46.43912281123148,43.734537506305095
9644,15.442706108093262,7.378119468688965,43.85390428211587,47.64063811922754
9648,14.399334907531738,7.269552707672119,37.408051886419365,53.61069366447837
9650,13.908452033996582,7.566223621368408,35.379223908202626,57.4646207760918
9651,16.12635612487793,7.402061462402344,48.3362580243897,43.53273062484729
9654,16.223634719848633,7.100127220153809,46.810024295628125,44.430126578880255
9655,16.226552963256836,7.022970199584961,46.98777197313279,43.90952408289798
9667,16.01024055480957,6.934154987335205,44.650684491291216,45.658461340703134
9668,15.302552223205566,7.1380615234375,42.03939805622322,48.48730274845857
9669,14.59224796295166,7.0696916580200195,38.02751468648843,53.02721496223475
9671,16.004560470581055,6.9604902267456055,44.78421529666039,45.80631667015268
9672,15.40426254272461,7.085378646850586,42.370185206226566,48.06272014543802
9673,14.535696029663086,7.09365177154541,37.83009813937649,53.25531717284294
9678,14.481001853942871,7.242875576019287,38.23421663206741,53.41189400415192
9682,15.3159818649292,7.015294551849365,41.109157849348236,49.80762214335467
9688,14.9506254196167,7.558601379394531,42.06274609424616,50.30102883271942
9691,15.231993675231934,6.885134696960449,40.16470670342325,49.127612799665
972,16.344011306762695,6.234958171844482,45.73539209612755,40.24055263988405
9720,14.563474655151367,7.368567943572998,39.38776076342654,51.96404793608522
9729,14.354692459106445,6.4444146156311035,33.83945132208947,52.64202217141871
973,16.632205963134766,6.194992542266846,47.79889218513371,38.0941020268448
974,15.320280075073242,6.358510494232178,38.60152960915707,47.47655662950725
9747,15.879380226135254,6.9729814529418945,45.19036411463381,45.18344178319258
9748,16.059410095214844,6.9036030769348145,46.31496323225647,43.96292930127517
9753,16.110984802246094,7.20957612991333,47.365607683124566,44.231420273328226
9756,15.89860725402832,6.932185173034668,45.0813729919415,45.52684941005894
9759,14.288044929504395,7.2623610496521,36.40976946187015,55.168817421895675
976,12.744306564331055,7.1550517082214355,29.726965630520347,62.89811055670913
9762,13.38797664642334,7.05402135848999,30.66132264529058,60.929321329225616
9764,15.987616539001465,6.810206890106201,43.54981930820857,46.42643262777491
9765,14.334846496582031,7.444540023803711,37.254971214636385,55.38680700267251
9767,11.977873802185059,6.441995143890381,21.822856830242355,70.44422561409267
9768,14.374741554260254,7.215672016143799,36.36522485028513,54.59787460486395
9769,13.409406661987305,7.057323455810547,30.633076503063762,61.18121701146636
9770,15.865654945373535,6.832055568695068,43.37157048249763,46.55274361400189
9771,11.373334884643555,6.689600467681885,21.860306455479137,71.22139656666604
9772,11.384528160095215,6.910348415374756,23.06285258935282,69.6702978276421
9774,12.76154899597168,6.837838172912598,28.01090485701574,64.13892333469013
9775,10.97707462310791,6.95894718170166,22.197506022650703,71.91921802457057
9777,12.502964973449707,6.933967113494873,26.970749800460116,65.74604441523077
9778,12.460082054138184,6.958755016326904,26.682023445696302,65.69812525657984
978,11.103292465209961,6.82801628112793,21.71807164866754,71.43307179633585
9780,14.373794555664062,7.473938465118408,37.71718303984567,54.72556405677715
9783,14.145722389221191,6.952935218811035,35.234875394074265,55.741002268155945
9786,15.819806098937988,7.095533847808838,45.4641818624572,45.30518113191331
9789,13.186078071594238,7.345935344696045,32.96260698430134,59.136192350527104
9792,13.137360572814941,7.79323673248291,33.74977449034819,59.64730290456431
9795,12.110916137695312,6.377139568328857,23.03519604214955,67.4714166066107
9813,13.778430938720703,7.155826091766357,35.16102023729298,56.41528313831199
982,15.058595657348633,6.774406909942627,40.03558063922459,49.32212747684191
983,15.097439765930176,6.768949031829834,40.276033601970276,49.0776527389995
9831,11.563101768493652,6.691347122192383,22.543866143481157,70.65348831470102
9833,12.50713062286377,6.959873199462891,28.35288458969083,64.54319536114154
9834,12.296587944030762,6.734823703765869,25.81636350460178,66.02362490035509
9835,11.249218940734863,6.1341657638549805,18.673776289261752,71.31950335466955
9839,12.44732666015625,7.175281524658203,29.204404769661824,62.7831715210356
9847,14.823456764221191,6.929993629455566,38.232865400495456,51.127819548872175
9848,13.745518684387207,6.595191955566406,32.4635121909706,56.44334283647504
986,15.079731941223145,6.772928237915039,40.203659467579484,49.1639372521979
9860,10.391986846923828,5.67959451675415,14.59451272286654,78.35489873636836
9867,11.101369857788086,6.527645111083984,20.62585575358978,72.61939591110695
987,15.068317413330078,6.773044586181641,40.09467689045588,49.2171897729234
9873,12.988787651062012,6.196105480194092,25.607861060329068,64.06307129798903
9875,13.026728630065918,6.225038528442383,25.97847954642443,63.393891361336344
9884,17.70948028564453,6.584866523742676,57.079814520284046,33.81644676418539
9892,13.373663902282715,6.00737190246582,26.50066534205873,62.214039628866736
9893,13.515286445617676,6.022753715515137,27.282602691804907,61.41623552372361
990,11.512188911437988,6.597517490386963,22.86779120618712,69.87440487731317
9901,14.27977180480957,6.454322338104248,33.411932678579156,53.326050274737156
9910,17.652719497680664,6.809262752532959,55.50582624125499,35.71355914962873
9917,13.40640926361084,6.334733009338379,28.620364691627646,60.35960569026641
9924,13.422073364257812,6.336902618408203,28.64586443714542,60.39862645565841
993,8.310324668884277,5.605215549468994,10.619948036951502,85.45215069284065
9937,17.89336585998535,6.899777412414551,58.571940248193336,33.396540463097566
994,15.27490234375,6.660844326019287,40.07987025443385,48.41393020944143
9940,9.721700668334961,5.867964267730713,14.143075745983166,79.81637337413925
9942,15.36623764038086,7.135529518127441,42.4901846128143,48.663436638543146
9943,15.211654663085938,7.243882179260254,42.14020291428333,49.012567324955114
995,17.691139221191406,6.47506046295166,56.237017033651846,33.634538152610446
996,13.805765151977539,6.96162748336792,33.534473891726954,58.01590838961841
9979,14.352753639221191,7.384771823883057,39.14765139638855,52.520466817627586
9983,15.588285446166992,7.4208292961120605,44.81559837612213,46.26679627194236
9987,14.481318473815918,7.181664943695068,37.71720143421899,53.605084122460234
9991,12.584339141845703,7.083144664764404,28.726643116110438,63.132146509249786
